Address,AddrCoor,latitude,Longitude
Marinette Trail,"Marinette Trl, Madison, Wisconsin, 53705",43.06372268585192,-89.47040002065474
622 E. Gorham St.,"622 E Gorham St, Madison, Wisconsin, 53703",43.081928383547954,-89.3816296635691
1600 block North Thompson Dr.,"1600 N Thompson Dr, Madison, Wisconsin, 53704",43.11923553766019,-89.29787600281578
829 West Washington Avenue,"829 W Washington Ave, Madison, Wisconsin, 53715",43.063585996311744,-89.39971564276863
1900 block of Christine Lane,"1900 Christine Ln, Madison, Wisconsin, 53716",43.072302569238275,-89.29268672327417
5100 block Great Gray Dr.,"5100 Great Gray Dr, Madison, Wisconsin, 53718",43.03658508312951,-89.29473674538215
406 S. Park Street,"406 S Park St, Madison, Wisconsin, 53715",43.06287524562873,-89.40091055539827
41 S. Bassett Street,"41 S Bassett St, Madison, Wisconsin, 53703",43.06943111102769,-89.38972229626646
41 S. Bassett Street,"41 S Bassett St, Madison, Wisconsin, 53703",43.06943111102769,-89.38972229626646
John Nolen Dr.,"John Nolen Dr, Madison, Wisconsin, 53715",43.05825237187136,-89.38409284862941
1700 block Fordem Ave.,"1700 Fordem Ave, Madison, Wisconsin, 53704",43.09461380057731,-89.3636033788602
605 Cottage Grove Rd.,"605 Cottage Grove Rd, Madison, Wisconsin, 53716",43.08390050620376,-89.31563146805948
4300 block Green Ave.,"4300 Green Ave, Madison, Wisconsin, 53704",43.14170165327736,-89.3977590399446
School Rd.,"School Rd, Madison, Wisconsin, 53704",43.14087070377915,-89.38296710538583
Pennsylvania Ave.,"Pennsylvania Ave, Madison, Wisconsin, 53704",43.09766258737195,-89.36018171197574
951 S. Park St.,"951 S Park St, Madison, Wisconsin, 53715",43.057314397455066,-89.39903477710789
Graceland Ave.,"Graceland Ave, Madison, Wisconsin, 53704",43.116663601764195,-89.32854506656938
702 Pflaum Rd.,"702 Pflaum Rd, Madison, Wisconsin, 53716",43.06208650894319,-89.31984202553522
600 block N. Frances St.,"600 N Frances St, Madison, Wisconsin, 53703",43.07581352748853,-89.3953866547525
4550 Verona Rd.,"4550 Verona Rd, Madison, Wisconsin, 53711",43.035533450516084,-89.45666218318996
939 S. Park St.,"939 S Park St, Madison, Wisconsin, 53715",43.057314397455066,-89.39903477710789
201 W Mifflin St,"201 W Mifflin St, Madison, Wisconsin, 53703",43.07374140048484,-89.38774604244345
916 Regent St,"916 Regent St, Madison, Wisconsin, 53715",43.06769947489746,-89.40194958090484
4905 Commercial Ave.,"4905 Commercial Ave, Madison, Wisconsin, 53704",43.10648254558878,-89.29799002553523
Williamson St.,"Williamson St, Madison, Wisconsin, 53703",43.08159265938293,-89.36667356294464
216 Cottage Grove Rd.,"216 Cottage Grove Rd, Madison, Wisconsin, 53716",43.08372347547438,-89.32315363780367
2400 block Allied Dr.,"2400 Allied Dr, Madison, Wisconsin, 53711",43.02672821390447,-89.45984027089492
Interstate 90,"I-90 W, Madison, Wisconsin, 53718",43.10724636231268,-89.2827051757227
2102 S. Park St.,"2102 S Park St, Madison, Wisconsin, 53713",43.043093999999996,-89.39414008814687
5800 block Russett Road,"5800 Russett Rd, Madison, Wisconsin, 53711",43.032827035487934,-89.48098558093561
600 block S. Park St.,"600 N Park St, Madison, Wisconsin, 53706",43.07629309797628,-89.40063546072925
4200 block School Rd,"4200 School Rd, Madison, Wisconsin, 53704",43.139587384572096,-89.3830477994088
688 S Whitney Way,"688 S Whitney Way, Madison, Wisconsin, 53711",43.05089699999999,-89.47364763488855
36 S. Bassett Street,"36 S Bassett St, Madison, Wisconsin, 53703",43.06973423109449,-89.39028683961311
McKenna Blvd.,"McKenna Blvd, Madison, Wisconsin, 53719",43.03929135125177,-89.50352563472323
7000 block Carnwood Rd.,"7000 Carnwood Rd, Madison, Wisconsin, 53719",43.01983625910404,-89.5031902954704
200 block E. Mifflin St.,"200 W Mifflin St, Madison, Wisconsin, 53703",43.074071705564144,-89.38743027400496
2958 E. Washington Ave.,"2958 E Washington Ave, Madison, Wisconsin, 53704",43.10373622872049,-89.34324218125673
Anderson St.,"Anderson St, Madison, Wisconsin, 53704",43.12095501646336,-89.33884622039572
1 block of Westbrook Circle,"1 Westbrook Cir, Madison, Wisconsin, 53711",43.03077255063776,-89.49044219608747
300 block N. Hamilton St.,"300 S Hamilton St, Madison, Wisconsin, 53703",43.07039991129608,-89.38430301019389
Warner St.,"Warner St, Madison, Wisconsin, 53713",43.03349109603665,-89.37368990396335
Pinewood Court,"Pinewood Ct, Madison, Wisconsin, 53714",43.10577772619887,-89.30895612195874
1 E. Wilson St.,"1 E Wilson St, Madison, Wisconsin, 53703",43.072517307149575,-89.3811944966798
200 block N. Thompson Dr.,"200 S Thompson Dr, Madison, Wisconsin, 53714",43.09646598464329,-89.28687010945589
201 Junction Rd.,"201 Junction Rd, Madison, Wisconsin, 53717",43.06237615041273,-89.52724319767587
261 Junction Rd,"261 Junction Rd, Madison, Wisconsin, 53717",43.06470221919945,-89.52617251794742
1 Dempsey Road,"1 Dempsey Rd, Madison, Wisconsin, 53714",43.09788794892956,-89.3174953968495
555 W Mifflin St,"555 W Mifflin St, Madison, Wisconsin, 53703",43.069788367736265,-89.39338574672523
East Washington Ave/Milwaukee Street,"E Washington Ave & Milwaukee St, Madison, Wisconsin, 53704",43.100351999999994,-89.348643
Westbury Place,"Westbury Pl, Madison, Wisconsin, 53711",43.04100137311452,-89.47655661536
1625 N. Stoughton Rd.,"1625 N Stoughton Rd, Madison, Wisconsin, 53704",43.120611146546246,-89.32478450620376
1900 block S. Park St.,"1900 Park St, Middleton, Wisconsin, 53562",43.09622224696147,-89.50180096985892
4 Collins Court,"4 Collins Ct, Madison, Wisconsin, 53716",43.04732510101573,-89.3049343901548
4500 block Onyx Lane,"4500 Onyx Ln, Madison, Wisconsin, 53714",43.09201607500012,-89.30508376499978
750 Hilldale Way,"750 Hilldale Way, Madison, Wisconsin, 53705",43.07403772390173,-89.4534638429499
800 block of Williamson Street,"800 Williamson St, Madison, Wisconsin, 53703",43.078451457412335,-89.37122965072983
S. Park St.,"S Park St, Madison, Wisconsin, 53715",43.04895513843769,-89.3941335
726 N. Midvale Blvd.,"726 N Midvale Blvd, Madison, Wisconsin, 53705",43.07389938409957,-89.45131446253257
4601 Verona Rd.,"4601 Verona Rd, Madison, Wisconsin, 53711",43.034964916440785,-89.45449950372225
700 block University Ave.,"700 University Ave, Madison, Wisconsin, 53715",43.073215146172444,-89.39750028390957
1500 block Williamson St.,"1500 Williamson St, Madison, Wisconsin, 53703",43.08734500833856,-89.35909310286205
300 block Junction Rd.,"300 Junction Rd, Madison, Wisconsin, 53717",43.06647854762646,-89.52454285091768
211 South Carroll St.,"211 S Carroll St, Madison, Wisconsin, 53703",43.07207946658759,-89.38293338129759
100 North Blount Street,"100 N Blount St, Madison, Wisconsin, 53703",43.08060975731866,-89.3781462890137
6200 Schroeder Rd,"6200 Schroeder Rd, Madison, Wisconsin, 53711",43.04640275946115,-89.48671411868172
211 S. Carroll St.,"211 S Carroll St, Madison, Wisconsin, 53703",43.07207946658759,-89.38293338129759
N. Park St.,"N Park St, Madison, Wisconsin, 53715",43.07312714347479,-89.40065933782758
415 N. Lake St.,"415 N Lake St, Madison, Wisconsin, 53715",43.074320607248126,-89.39734294070658
1720 Monroe St,"1720 Monroe St, Madison, Wisconsin, 53711",43.06567170886944,-89.41602762228042
606 South Whitney Way,"606 S Whitney Way, Madison, Wisconsin, 53711",43.05313758090483,-89.47365958540556
4222 E. Washington Ave.,"4222 E Washington Ave, Madison, Wisconsin, 53704",43.12649150848277,-89.31099953416222
6500 block Raymond Rd.,"6500 Raymond Rd, Madison, Wisconsin, 53711",43.03196717294297,-89.49368417294296
4200 block Lumley Rd.,"4200 Lumley Rd, Madison, Wisconsin, 53711",43.03368692241999,-89.44396741434825
N. Baldwin St.,"N Baldwin St, Madison, Wisconsin, 53703",43.08976089473138,-89.36942721669489
Odana Rd.,"Odana Rd, Madison, Wisconsin, 53719",43.05375284630458,-89.48862865418533
3801 East Washington Avenue,"3801 E Washington Ave, Madison, Wisconsin, 53704",43.118828337090726,-89.32131707496865
1300 Block Of Drake Street,"1300 Drake St, Madison, Wisconsin, 53715",43.06211790989316,-89.40730150078792
200 S Bassett St,"200 S Bassett St, Madison, Wisconsin, 53703",43.06852221668067,-89.38868323439924
3200 block East Washington Av,"3200 E Washington Ave, Madison, Wisconsin, 53704",43.10930385464726,-89.33596547656859
13 Atlas Court,"13 Atlas Ct, Madison, Wisconsin, 53714",43.08632691869113,-89.30730389021305
4513 Milwaukee St,"4513 Milwaukee St, Madison, Wisconsin, 53714",43.09873648788189,-89.30503125284207
100 blk Knutson Dr.,"100 Knutson Dr, Madison, Wisconsin, 53704",43.14138988935177,-89.40032669508723
4325 Mohawk Drive,"4325 Mohawk Dr, Madison, Wisconsin, 53711",43.03823804550186,-89.45055856844002
901 E. Johnson St.,"901 E Johnson St, Madison, Wisconsin, 53703",43.08455340769821,-89.37601522840338
7857 Big Sky Dr.,"7857 Big Sky Dr, Madison, Wisconsin, 53719",43.05907777018299,-89.51994742873175
1402 Wyoming Way,"1402 Wyoming Way, Madison, Wisconsin, 53704",43.14584465675977,-89.37033425653567
Winterset Circle,"Winterset Cir, Madison, Wisconsin, 53717",43.070332236874485,-89.50697730624951
Lynchburg Trail,"Lynchburg Trl, Madison, Wisconsin, 53718",43.078069581572784,-89.27470221314961
115 W. Doty St.,"115 W Doty St, Madison, Wisconsin, 53703",43.07195282096497,-89.38391838646214
1791 Thierer Rd.,"1791 Thierer Rd, Madison, Wisconsin, 53704",43.12308023264429,-89.31351611148997
2000 block of Danbury St.,"2000 Danbury St, Madison, Wisconsin, 53711",43.032730239703916,-89.44673591705595
800 block East Washington Ave.,"800 E Washington Ave, Madison, Wisconsin, 53703",43.08137303209133,-89.37493602292236
1500 block Williamson St.,"1500 Williamson St, Madison, Wisconsin, 53703",43.08734500833856,-89.35909310286205
W. Beltline Highway,"W Beltline Hwy, Madison, Wisconsin, 53719",43.04643516224113,-89.47368100226728
Schroeder Rd.,"Schroeder Rd, Madison, Wisconsin, 53711",43.04630570310627,-89.4891900519889
2190 Pennsylvania Ave.,"2190 Pennsylvania Ave, Madison, Wisconsin, 53704",43.099983533729535,-89.35962531118321
John Nolen Dr.,"John Nolen Dr, Madison, Wisconsin, 53715",43.05825237187136,-89.38409284862941
302 N. Midvale Blvd.,"302 N Midvale Blvd, Madison, Wisconsin, 53705",43.06991352844943,-89.45129759261891
211 S. Carroll St.,"211 S Carroll St, Madison, Wisconsin, 53703",43.07207946658759,-89.38293338129759
200 block Walter Street,"200 Walter St, Madison, Wisconsin, 53714",43.09335929298368,-89.32682486795183
2500 block Coolidge Street,"2500 Coolidge St, Madison, Wisconsin, 53704",43.109303946609955,-89.35116090653021
1300blk Loreen Dr,"1300 Loreen Dr, Madison, Wisconsin, 53711",43.039069796271306,-89.48744195016937
4601 Verona Road,"4601 Verona Rd, Madison, Wisconsin, 53711",43.034964916440785,-89.45449950372225
Camus Lane,"Camus Ln, Madison, Wisconsin, 53705",43.08464377881267,-89.47572986771499
1900 block South Park St.,"1900 S Park St, Madison, Wisconsin, 53713",43.044723136274456,-89.39418060430434
211 S. Carroll St.,"211 S Carroll St, Madison, Wisconsin, 53703",43.07207946658759,-89.38293338129759
3401 Maple Grove Dr.,"3401 Maple Grove Dr, Madison, Wisconsin, 53719",43.01127604524208,-89.49892244503535
900 block Spaight St.,"900 Spaight St, Madison, Wisconsin, 53703",43.07826322026963,-89.36795325100998
Craig Ave.,"Craig Ave, Madison, Wisconsin, 53705",43.07788342219016,-89.47299799845969
211 S. Carroll St.,"211 S Carroll St, Madison, Wisconsin, 53703",43.07207946658759,-89.38293338129759
University Ave.,"University Ave, Madison, Wisconsin, 53562",43.08994794459158,-89.48628989033008
211 S. Carroll St.,"211 S Carroll St, Madison, Wisconsin, 53703",43.07207946658759,-89.38293338129759
700 block of West Washington Ave,"700 W Washington Ave, Madison, Wisconsin, 53715",43.0670080614419,-89.39538502472905
2145 Regent St.,"2145 Regent St, Madison, Wisconsin, 53726",43.06789854674261,-89.42356192339432
1625 N. Stoughton Rd.,"1625 N Stoughton Rd, Madison, Wisconsin, 53704",43.120611146546246,-89.32478450620376
600 Williamson St.,"600 Williamson St, Madison, Wisconsin, 53703",43.076434030844005,-89.3743871579432
5400 block Raymond Rd.,"5400 Raymond Rd, Madison, Wisconsin, 53711",43.03199648511158,-89.4723829700782
1720 Monroe St.,"1720 Monroe St, Madison, Wisconsin, 53711",43.06567170886944,-89.41602762228042
410 E. Wilson St.,"410 E Wilson St, Madison, Wisconsin, 53703",43.07550506246742,-89.37713948156257
600 block S. Gammon Rd.,"600 N Gammon Rd, Madison, Wisconsin, 53717",43.07515120088056,-89.50254959161862
2200 block Lakeland Ave.,"2200 Lakeland Ave, Madison, Wisconsin, 53704",43.08975021738079,-89.34863545102789
4402 E. Washington Ave.,"4402 E Washington Ave, Madison, Wisconsin, 53704",43.127436381383575,-89.30933781173147
2707 E. Washington Ave.,"2707 E Washington Ave, Madison, Wisconsin, 53704",43.102230066345754,-89.34631661691637
East Towne Mall,East Towne Mall,43.125440000000026,-89.30646999999999
Waunona Way,"Waunona Way, Madison, Wisconsin, 53713",43.04857228174096,-89.35536373976981
N. Brooks St.,"N Brooks St, Madison, Wisconsin, 53715",43.07208279094427,-89.40243729566932
702 Pflaum Rd.,"702 Pflaum Rd, Madison, Wisconsin, 53716",43.06208650894319,-89.31984202553522
202 S. Park St.,"202 S Park St, Madison, Wisconsin, 53715",43.06535886173498,-89.40092663454277
5200 block of Piccadilly Drive,"5200 Piccadilly Dr, Madison, Wisconsin, 53714",43.101541302319,-89.29235624951522
821 E. Washington Ave,"821 E Washington Ave, Madison, Wisconsin, 53703",43.08149614723772,-89.37429280688022
2500 block Fish Hatchery Rd.,"2500 Fish Hatchery Rd, Madison, Wisconsin, 53713",43.03856160538231,-89.4041766987424
4800 block Hayes Rd.,"4800 Hayes Rd, Madison, Wisconsin, 53704",43.138319842880385,-89.3001329061287
3000 block Darbo Dr.,"3000 Darbo Dr, Madison, Wisconsin, 53714",43.103588097514425,-89.34085060106723
1113 N. Sherman Ave.,"1113 N Sherman Ave, Madison, Wisconsin, 53704",43.112232000000006,-89.36374336799605
Chautauqua Trail,"Chautauqua Trl, Madison, Wisconsin, 53719",43.046048843909034,-89.51589892302003
1600 block of Beld St.,"1600 Beld St, Madison, Wisconsin, 53715",43.04973687300737,-89.39277099074572
W. Main St.,"W Main St, Madison, Wisconsin, 53715",43.06572865403579,-89.39455456230853
1500 block Troy Dr,"1500 Troy Dr, Madison, Wisconsin, 53704",43.13444460782504,-89.37080289901388
700 block of East Washington Ave,"700 E Washington Ave, Madison, Wisconsin, 53703",43.079955423318275,-89.37701456756764
4300 block S Stoughton Rd,"4300 N Stoughton Rd, Madison, Wisconsin, 53704",43.14629505416857,-89.32375766460136
Worthington Ave.,"Worthington Ave, Madison, Wisconsin, 53714",43.10251163353864,-89.33658971732892
1700 block Prairie Rd.,"1700 Prairie Rd, Madison, Wisconsin, 53711",43.03451721718405,-89.48874379796584
10 block N. Fairchild Street,"10 S Fairchild St, Madison, Wisconsin, 53703",43.073100380427576,-89.38615676251426
2909 E. Washington Ave.,"2909 E Washington Ave, Madison, Wisconsin, 53704",43.102965796237804,-89.34460155228254
107 State St.,"107 State St, Madison, Wisconsin, 53703",43.07467446681873,-89.38707202553522
Timber Lake Trail,"Timber Lake Trl, Madison, Wisconsin, 53719",43.052111966299286,-89.51107426686627
9600 block Watts Rd.,"Watts Rd, Madison, Wisconsin, 53719",43.05196000603861,-89.51722243477933
2100 block Packers Ave.,"2100 Packers Ave, Madison, Wisconsin, 53704",43.12098710376356,-89.35518114492776
702 Pflaum Road,"702 Pflaum Rd, Madison, Wisconsin, 53716",43.06208650894319,-89.31984202553522
4217 West Beltline Hwy,"4217 W Beltline Hwy, Madison, Wisconsin, 53711",43.034386506780685,-89.44478991618097
6702 Raymond Road,"6702 Raymond Rd, Madison, Wisconsin, 53719",43.03187748268775,-89.49746186081136
17 N Wickham Court,"17 N Wickham Ct, Madison, Wisconsin, 53711",43.03054702334218,-89.49846867981442
3000 S. Stoughton Road,"3000 S Stoughton Rd, Madison, Wisconsin, 53716",43.05591110925295,-89.30934141814375
1400 block Theresa Terrace,"1400 Theresa Ter, Madison, Wisconsin, 53711",43.03805217145396,-89.48989384630529
1720 Monroe St.,"1720 Monroe St, Madison, Wisconsin, 53711",43.06567170886944,-89.41602762228042
4602 East Towne Blvd.,"4602 East Towne Blvd, Madison, Wisconsin, 53704",43.12862181490546,-89.30525630200795
West Beltline Highway,"W Beltline Hwy, Madison, Wisconsin, 53719",43.04643516224113,-89.47368100226728
89 East Towne Mall,"89 E Towne Mall, Madison, Wisconsin, 53704",43.122401482392526,-89.30416306498046
600 block State St.,"600 State St, Madison, Wisconsin, 53703",43.07491608069922,-89.39520630134281
4800 block Hayes Rd.,"4800 Hayes Rd, Madison, Wisconsin, 53704",43.138319842880385,-89.3001329061287
23 N. Pinckney St.,"23 N Pinckney St, Madison, Wisconsin, 53703",43.07610064475723,-89.38381140311056
810 E. Washington Ave.,"810 E Washington Ave, Madison, Wisconsin, 53703",43.08169673373859,-89.37448165538133
E. Buckey Rd.,"E Buckeye Rd, Madison, Wisconsin, 53718",43.07475600000001,-89.26743119170132
4 Collins Court,"4 Collins Ct, Madison, Wisconsin, 53716",43.04732510101573,-89.3049343901548
S. Gammon Rd.,"S Gammon Rd, Madison, Wisconsin, 53719",43.05835678011036,-89.50293355999703
2000 block Monroe St.,"2000 Monroe St, Madison, Wisconsin, 53711",43.063708015624194,-89.41905220153916
200 block Clyde Gallagher,"200 Clyde Gallagher Ave, Madison, Wisconsin, 53704",43.10137913979072,-89.3392267795814
3620 Marsh Rd,"3620 Marsh Rd, Madison, Wisconsin, 53718",43.0458958709389,-89.28675158598247
201 S. Gammon Rd.,"201 S Gammon Rd, Madison, Wisconsin, 53717",43.06449880821169,-89.5025428772305
2300 block Cypress Way,"2300 Cypress Way, Madison, Wisconsin, 53713",43.04074705050377,-89.3973630980103
2000 block S. Park St.,"2000 Park St, Middleton, Wisconsin, 53562",43.097144571832615,-89.50173857584525
4513 Milwaukee Street,"4513 Milwaukee St, Madison, Wisconsin, 53714",43.09873648788189,-89.30503125284207
Ellis Potter Court,"Ellis Potter Ct, Madison, Wisconsin, 53711",43.046972999999994,-89.48664
4500 block East Towne Blvd.,"4500 East Towne Blvd, Madison, Wisconsin, 53704",43.12741259287874,-89.30738033225609
1400 Block of Northport Dr.,"1400 Northport Dr, Madison, Wisconsin, 53704",43.13491398886775,-89.37305017876383
4649 Verona Rd.,"4649 Verona Rd, Madison, Wisconsin, 53711",43.033328788678666,-89.45644476210425
Verona Rd.,"Verona Rd, Madison, Wisconsin, 53711",43.02896953593334,-89.4636627600276
7416 Mineral Point Rd.,"7416 Mineral Point Rd, Madison, Wisconsin, 53717",43.06070446104767,-89.51105194463038
2831 E. Washington Ave.,"2831 E Washington Ave, Madison, Wisconsin, 53704",43.10244062138638,-89.34592043432994
3200 block Progress Rd.,"3200 Progress Rd, Madison, Wisconsin, 53716",43.05258939930724,-89.30427881298804
6100 block Strathmore Lane,"6100 Strathmore Ln, Madison, Wisconsin, 53711",43.045845190562524,-89.48605219056252
201 W. Mifflin St.,"201 W Mifflin St, Madison, Wisconsin, 53703",43.07374140048484,-89.38774604244345
123 E. Doty St.,"123 E Doty St, Madison, Wisconsin, 53703",43.07446383123676,-89.38032980180638
5606 Russett Rd.,"5606 Russett Rd, Madison, Wisconsin, 53711",43.03300145946021,-89.47536019747245
500 block North St.,"500 North St, Madison, Wisconsin, 53704",43.10499989779352,-89.35128690882601
317 State St.,"317 State St, Madison, Wisconsin, 53703",43.074746466818716,-89.39086208381903
210 East Olin Ave,"210 E Olin Ave, Madison, Wisconsin, 53713",43.05221272499824,-89.38058480388386
4117 Dwight Drive,"4117 Dwight Dr, Madison, Wisconsin, 53704",43.125875604189716,-89.31405312666651
1100 block of Moorland Road,"1100 Moorland Rd, Madison, Wisconsin, 53713",43.0336902252148,-89.36669723577278
6700 block of Schroeder Road,"6700 Schroeder Rd, Madison, Wisconsin, 53711",43.04632219116834,-89.49790114759956
4198 Nakoosa Trail,"4198 Nakoosa Trl, Madison, Wisconsin, 53714",43.10968272811398,-89.31157391392966
317 State Street,"317 State St, Madison, Wisconsin, 53703",43.074746466818716,-89.39086208381903
3500 block of Straubel Street,"3500 Straubel St, Madison, Wisconsin, 53704",43.117111763441216,-89.33033372286627
4822 East Washington Avenue,"4822 E Washington Ave, Madison, Wisconsin, 53704",43.13433717127341,-89.30045332921661
1306 Williamson St,"1306 Williamson St, Madison, Wisconsin, 53703",43.084628464625695,-89.36241813240798
6617 Odana Rd.,"6617 Odana Rd, Madison, Wisconsin, 53719",43.05588231767634,-89.49528060179418
223 N. Frances St.,"223 N Frances St, Madison, Wisconsin, 53703",43.07180215598132,-89.39582648124544
Brentwood Parkway,"Brentwood Pkwy, Madison, Wisconsin, 53704",43.12388279746061,-89.36727890304824
2100 block Taft St.,"2100 Taft St, Madison, Wisconsin, 53713",43.0430104296951,-89.39312062017628
Welton Dr.,"Welton Dr, Madison, Wisconsin, 53719",43.043804952572536,-89.51404141922703
1000 block McKenna Blvd.,"1000 McKenna Blvd, Madison, Wisconsin, 53719",43.04394474217731,-89.50381311740533
4202 East Towne Blvd.,"4202 East Towne Blvd, Madison, Wisconsin, 53704",43.1242734618844,-89.31045915909704
725 S. Gammon Rd.,"725 S Gammon Rd, Madison, Wisconsin, 53719",43.04907,-89.50303293998637
East Washington Ave.,"E Washington Ave, Madison, Wisconsin, 53718",43.14603175742423,-89.28533709741319
Chester Dr.,"Chester Dr, Madison, Wisconsin, 53719",43.01682581525151,-89.50147188542444
Rockefeller Lane,"Rockefeller Ln, Madison, Wisconsin, 53704",43.11121124717994,-89.29790020722344
2602 Post Rd.,"2602 Post Rd, Madison, Wisconsin, 53713",43.02656950995374,-89.42133456370816
500 block S. Midvale Blvd.,"500 N Midvale Blvd, Madison, Wisconsin, 53705",43.07165549999999,-89.45130934776321
S Park St / Hughes Pl,"S Park St & Hughes Pl, Madison, Wisconsin, 53713",43.03981800000001,-89.3939625
1200 block Winn Trl,"1200 Winn Trl, Madison, Wisconsin, 53704",43.14339486715015,-89.37547328591836
4600 block Hayes Rd.,"4600 Hayes Rd, Madison, Wisconsin, 53704",43.142518856386644,-89.30556624257056
739 Hilldale Way,"739 Hilldale Way, Madison, Wisconsin, 53705",43.07322846424284,-89.45379417854569
1300 block Milton St.,"1300 Milton St, Madison, Wisconsin, 53715",43.066437216729334,-89.4073247167293
1402 Wyoming Way,"1402 Wyoming Way, Madison, Wisconsin, 53704",43.14584465675977,-89.37033425653567
N. Spooner St.,"N Spooner St, Madison, Wisconsin, 53726",43.069796427535024,-89.41672270133402
1100 block Morraine View Dr.,"1100 Morraine View Dr, Madison, Wisconsin, 53719",43.04254752502807,-89.50635441385461
115 W. Doty St.,"115 W Doty St, Madison, Wisconsin, 53703",43.07195282096497,-89.38391838646214
641 West Main Street,"641 W Main St, Madison, Wisconsin, 53703",43.06672921784314,-89.39304414692161
6410 Millpond Rd.,"6410 Millpond Rd, Madison, Wisconsin, 53718",43.0449465572742,-89.26743375688145
5800 block Dorsett Dr.,"5800 Dorsett Dr, Madison, Wisconsin, 53711",43.038058775258506,-89.48005462825007
5800 block Russett Rd.,"5800 Russett Rd, Madison, Wisconsin, 53711",43.032827035487934,-89.48098558093561
2200 block Brentwood Parkway,"2200 Brentwood Pkwy, Madison, Wisconsin, 53704",43.12255076402731,-89.36736941140462
44 West Towne Mall,"44 West Towne Mall, Madison, Wisconsin, 53719",43.059993208537776,-89.50663024024307
S. Bassett St.,"S Bassett St, Madison, Wisconsin, 53703",43.06876928890163,-89.38889951606599
Langdon St.,"Langdon St, Madison, Wisconsin, 53706",43.075818,-89.39893975732289
Mid Town Rd.,"Mid Town Rd, Madison, Wisconsin, 53719",43.03145700000002,-89.52096074984367
Allis Ave.,"Allis Ave, Madison, Wisconsin, 53716",43.071234224919024,-89.31308876618475
4512 E. Washington Ave.,"4512 E Washington Ave, Madison, Wisconsin, 53704",43.12870859403255,-89.30793685050996
4300 Lumley Rd,"4300 Lumley Rd, Madison, Wisconsin, 53711",43.03371280035526,-89.44677654664164
100 block State St.,"100 State St, Madison, Wisconsin, 53703",43.074733493219334,-89.3870235
626 University Ave.,"626 University Ave, Madison, Wisconsin, 53715",43.07316145715254,-89.397054
500 block of Northport Dr,"500 Northport Dr, Madison, Wisconsin, 53704",43.14077127058236,-89.39030766933891
3505 E. Washington Ave.,"3505 E Washington Ave, Madison, Wisconsin, 53704",43.11476403967348,-89.32774757380706
E. Buckeye Rd.,"E Buckeye Rd, Madison, Wisconsin, 53718",43.07475600000001,-89.26743119170132
E. Gorham St.,"E Gorham St, Madison, Wisconsin, 53703",43.08383692280203,-89.37885584882054
4692 Cottage Grove Rd,"4692 Cottage Grove Rd, Madison, Wisconsin, 53716",43.08434553101691,-89.3009126888741
King St. at E. Main St.,"King St & E Main St, Madison, Wisconsin, 53703",43.074666000000015,-89.38211399999999
Meadowlark Dr,"Meadowlark Dr, Madison, Wisconsin, 53716",43.08054509130689,-89.29516058867536
N. High Point Rd.,"N High Point Rd, Madison, Wisconsin, 53717",43.07487441866001,-89.5185839470361
Hayes Rd.,"Hayes Rd, Madison, Wisconsin, 53704",43.14095696932538,-89.30037442084311
Goodland Dr.,"Goodland Dr, Madison, Wisconsin, 53704",43.134954051380745,-89.37739960418645
2901 Dryden Dr.,"2901 Dryden Dr, Madison, Wisconsin, 53704",43.12849878322473,-89.3592955712969
Ardsley Circle,"Ardsley Cir, Madison, Wisconsin, 53713",43.03240649999999,-89.4224475
211 South Carroll St.,"211 S Carroll St, Madison, Wisconsin, 53703",43.07207946658759,-89.38293338129759
4500 block McCann Rd.,"4500 McCann Rd, Madison, Wisconsin, 53714",43.10237304013103,-89.30569750758947
2800 Block of Coolidge St,"2800 Coolidge St, Madison, Wisconsin, 53704",43.10926827124458,-89.34527522875544
1700 block Northport Dr.,"1700 Northport Dr, Madison, Wisconsin, 53704",43.130553261145316,-89.36215495194246
4200 block School Rd.,"4200 School Rd, Madison, Wisconsin, 53704",43.139587384572096,-89.3830477994088
Petra Place,"Petra Pl, Madison, Wisconsin, 53713",43.03678627391045,-89.40352547092759
Margaret St.,"Margaret St, Madison, Wisconsin, 53714",43.08942351632834,-89.31944862841885
7948 Tree Lane,"7948 Tree Ln, Madison, Wisconsin, 53717",43.06158344794861,-89.51981579012005
800 block of Vernon Ave,"800 Vernon Ave, Madison, Wisconsin, 53714",43.08632083642136,-89.30573962542343
School Rd.,"School Rd, Madison, Wisconsin, 53704",43.14087070377915,-89.38296710538583
Radford Dr.,"Radford Dr, Madison, Wisconsin, 53718",43.09751111730303,-89.2647299150287
2200 block Badger Lane,"2200 Badger Ln, Madison, Wisconsin, 53713",43.04130248428042,-89.37435760707541
Graceland Ave.,"Graceland Ave, Madison, Wisconsin, 53704",43.116663601764195,-89.32854506656938
212 East Bluff,"212 East Bluff, Madison, Wisconsin, 53704",43.13281096860773,-89.36481116417562
E. Johnson St.,"E Johnson St, Madison, Wisconsin, 53704",43.09272647894255,-89.36436816185055
3737 E. Wasington Ave.,"3737 E Washington Ave, Madison, Wisconsin, 53704",43.118129213947995,-89.32247375959409
200 block S. Bassett St.,"200 N Bassett St, Madison, Wisconsin, 53703",43.07158391922191,-89.39273959030143
Ohio Ave.,"Ohio Ave, Madison, Wisconsin, 53704",43.09405273497149,-89.3472685256143
Woodington Way,"Woodington Way, Madison, Wisconsin, 53711",43.04089779467068,-89.49036789970017
W. Washington Ave.,"W Washington Ave, Madison, Wisconsin, 53715",43.06324815202219,-89.4007125
3702 E. Washington Ave,"3702 E Washington Ave, Madison, Wisconsin, 53704",43.11742486208076,-89.3240096049395
East Towne Mall,East Towne Mall,43.125440000000026,-89.30646999999999
Mineral Point Rd.,"Mineral Point Rd, Madison, Wisconsin, 53719",43.06035121655957,-89.52916349364817
900 blk Blaine Dr,"900 Blaine Dr, Madison, Wisconsin, 53704",43.1352147570469,-89.38311965544194
505 N. Frances St.,"505 N Frances St, Madison, Wisconsin, 53703",43.075352097120565,-89.39531594849686
201 S. Gammon Rd.,"201 S Gammon Rd, Madison, Wisconsin, 53717",43.06449880821169,-89.5025428772305
University Ave.,"University Ave, Madison, Wisconsin, 53562",43.08994794459158,-89.48628989033008
200 block W. Gilman St.,"200 E Gilman St, Madison, Wisconsin, 53703",43.08005571414879,-89.38609793453519
S. Fair Oaks Ave.,"S Fair Oaks Ave, Madison, Wisconsin, 53704",43.095545939052734,-89.33844988314843
1202 N. Sherman Ave.,"1202 N Sherman Ave, Madison, Wisconsin, 53704",43.11305999999999,-89.36381162147237
3200 block Oakbridge Ave.,"3200 Oakridge Ave, Madison, Wisconsin, 53704",43.09152904469381,-89.33840805620633
725 S. Gammon Rd.,"725 S Gammon Rd, Madison, Wisconsin, 53719",43.04907,-89.50303293998637
W. Beltline Highway,"W Beltline Hwy, Madison, Wisconsin, 53719",43.04643516224113,-89.47368100226728
900 block of S. Park St.,"900 S Park St, Madison, Wisconsin, 53715",43.057911668042095,-89.39979635778158
3300 Westview Ln.,"3300 Westview Ln, Madison, Wisconsin, 53713",43.02700152934226,-89.43458115006283
3300 Westview Ln.,"3300 Westview Ln, Madison, Wisconsin, 53713",43.02700152934226,-89.43458115006283
1130 Williamson St.,"1130 Williamson St, Madison, Wisconsin, 53703",43.082691348058084,-89.36519001154119
E. Dayton St.,"E Dayton St, Madison, Wisconsin, 53704",43.10206907603817,-89.34992075462974
4800 block Hayes Rd.,"4800 Hayes Rd, Madison, Wisconsin, 53704",43.138319842880385,-89.3001329061287
2800 block N. Sherman Ave.,"2800 N Sherman Ave, Madison, Wisconsin, 53704",43.126323523490036,-89.3636469158703
1800 block E. Washington Ave.,"1800 E Washington Ave, Madison, Wisconsin, 53704",43.09048495096046,-89.36202875545489
6602 Inner Dr.,"6602 Inner Dr, Madison, Wisconsin, 53705",43.06755748052337,-89.4945206791506
4222 E. Washington Ave.,"4222 E Washington Ave, Madison, Wisconsin, 53704",43.12649150848277,-89.31099953416222
500 block State St.,"500 State St, Madison, Wisconsin, 53703",43.074889404594536,-89.39345901648642
Commercial Ave.,"Commercial Ave, Madison, Wisconsin, 53714",43.106967,-89.33146924258443
W. Beltline Highway,"W Beltline Hwy, Madison, Wisconsin, 53719",43.04643516224113,-89.47368100226728
120 S. Rosa Rd.,"120 S Rosa Rd, Madison, Wisconsin, 53705",43.06567516763806,-89.47848108829015
3500 block E. Washington Ave.,"3500 E Washington Ave, Madison, Wisconsin, 53704",43.11453507689412,-89.32851795602734
1412 Pflaum Road,"1412 Pflaum Rd, Madison, Wisconsin, 53716",43.062261482687745,-89.31053113780366
McClellan Drive/Kilpatrick Lane,"McClellan Dr & Kilpatrick Ln, Madison, Wisconsin, 53718",43.085439000000015,-89.2708335
3762 East Washington Ave.,"3762 E Washington Ave, Madison, Wisconsin, 53704",43.11871988761598,-89.32194754665571
800 block S Midvale Blvd,"800 N Midvale Blvd, Madison, Wisconsin, 53705",43.07516252906968,-89.45130501109946
100 block State St.,"100 State St, Madison, Wisconsin, 53703",43.074733493219334,-89.3870235
Mifflin Street,"E Mifflin St, Madison, Wisconsin, 53704",43.09968620903981,-89.35156546910277
400 N Lake St,"400 N Lake St, Madison, Wisconsin, 53706",43.07319503714702,-89.39747863115777
1100 block Moorland Rd.,"1100 Moorland Rd, Madison, Wisconsin, 53713",43.0336902252148,-89.36669723577278
University Ave.,"University Ave, Madison, Wisconsin, 53562",43.08994794459158,-89.48628989033008
5301 Tokay Boulevard,"5301 Tokay Blvd, Madison, Wisconsin, 53711",43.05358052394868,-89.46977319317328
W. Johnson St.,"W Johnson St, Madison, Wisconsin, 53715",43.072055505612695,-89.39825551075593
600 block University Ave.,"600 University Ave, Madison, Wisconsin, 53715",43.073197856080206,-89.39589752874353
S. Park St.,"S Park St, Madison, Wisconsin, 53715",43.04895513843769,-89.3941335
O'Brien Court,"Obrien Ct, Madison, Wisconsin, 53714",43.10026795660806,-89.28782669246043
700 block Fairmont Ave,"700 Fairmont Ave, Madison, Wisconsin, 53714",43.1078351520069,-89.32694653667336
4600 block Atticus Way,"4600 Atticus Way, Madison, Wisconsin, 53711",43.033711459597804,-89.45517262163314
701 Meadowlark Dr.,"701 Meadowlark Dr, Madison, Wisconsin, 53714",43.08801175298631,-89.29691597114748
5602 Russett Rd.,"5602 Russett Rd, Madison, Wisconsin, 53711",43.03300649942216,-89.47537369747245
2901 N. Sherman Ave.,"2901 N Sherman Ave, Madison, Wisconsin, 53704",43.1283694715506,-89.36351535284912
6900 Block of Carnwood Road,"6900 Carnwood Rd, Madison, Wisconsin, 53719",43.020060289007816,-89.50048790377629
2301 Commercial Ave.,"2301 Commercial Ave, Madison, Wisconsin, 53704",43.106770499567304,-89.35335345712386
Elizabeth St.,"Elizabeth St, Madison, Wisconsin, 53703",43.089343305895355,-89.37240172014774
400 block W. Washington Ave.,"400 E Washington Ave, Madison, Wisconsin, 53703",43.07753421059517,-89.38042281953658
Todd Dr.,"Todd Dr, Madison, Wisconsin, 53713",43.0320919313434,-89.42300370287025
3510 Packers Ave.,"3510 Packers Ave, Madison, Wisconsin, 53704",43.132148413266776,-89.35538967586103
Kedzie St.,"Kedzie St, Madison, Wisconsin, 53704",43.10608361877154,-89.34753022946406
5100 block Hazelcrest Drive,"5100 Hazelcrest Dr, Madison, Wisconsin, 53704",43.1105408929882,-89.29616618969588
1200 block E. Washington Ave.,"1200 E Washington Ave, Madison, Wisconsin, 53703",43.08623751569615,-89.3679605558023
7202 Watts Rd.,"7202 Watts Rd, Madison, Wisconsin, 53719",43.050574521062224,-89.50883417736158
1353 Williamson St.,"1353 Williamson St, Madison, Wisconsin, 53703",43.085628451555294,-89.3608770607653
2 Governors Island Pkwy,"2 Governors Way, Madison, Connecticut, 06443",41.278681430282965,-72.63547547859373
4200 block Lumley Rd,"4200 Lumley Rd, Madison, Wisconsin, 53711",43.03368692241999,-89.44396741434825
4601 Verona Rd.,"4601 Verona Rd, Madison, Wisconsin, 53711",43.034964916440785,-89.45449950372225
300 block Troy Dr.,"300 Troy Dr, Madison, Wisconsin, 53704",43.13387319859577,-89.39508012167917
Parkside Dr.,"Parkside Dr, Madison, Wisconsin, 53704",43.120748295770554,-89.31515137718063
Highland Ave.,"Highland Ave, Madison, Wisconsin, 53705",43.078720663564134,-89.4324497158229
N. Thompson Dr.,"N Thompson Dr, Madison, Wisconsin, 53714",43.1025573231613,-89.29494087245104
2800 block E. Washington Ave.,"2800 E Washington Ave, Madison, Wisconsin, 53704",43.10275166027841,-89.34578354213981
1200 Milton St.,"1200 Milton St, Madison, Wisconsin, 53715",43.06643721672933,-89.40574971672932
700 S. Gammon Road,"700 S Gammon Rd, Madison, Wisconsin, 53719",43.04943830835591,-89.50326958540556
Craig Ave.,"Craig Ave, Madison, Wisconsin, 53705",43.07788342219016,-89.47299799845969
2900 block of Irvington Way,"2900 Irvington Way, Madison, Wisconsin, 53713",43.02580454744871,-89.4262824073499
500 block of State St.,"500 State St, Madison, Wisconsin, 53703",43.074889404594536,-89.39345901648642
1200 block Applegate Rd.,"1200 Applegate Rd, Madison, Wisconsin, 53713",43.034228739710656,-89.4026329453034
100 block State St.,"100 State St, Madison, Wisconsin, 53703",43.074733493219334,-89.3870235
1818 Portage Rd.,"1818 Portage Rd, Madison, Wisconsin, 53704",43.12642695989476,-89.31549165782576
4429 Milwaukee St.,"4429 Milwaukee St, Madison, Wisconsin, 53714",43.09871649567217,-89.30569072009348
4556 Monona Dr.,"4556 Monona Dr, Madison, Wisconsin, 53716",43.07049900000001,-89.32605387852763
314 E. Gorham St.,"314 E Gorham St, Madison, Wisconsin, 53703",43.08005356013014,-89.384299345461
Beld St.,"Beld St, Madison, Wisconsin, 53715",43.050411183611565,-89.3930858192437
100 block N. Carroll St.,"100 S Carroll St, Madison, Wisconsin, 53703",43.07281807621529,-89.38416552743655
4700 block Verona Rd.,"4700 Verona Rd, Madison, Wisconsin, 53711",43.0345939066964,-89.45758498764089
Golf Course Road,"Golf Course Rd, Madison, Wisconsin, 53704",43.149881690938344,-89.3702083149156
Jacobson Ave.,"Jacobson Ave, Madison, Wisconsin, 53714",43.10874891451934,-89.32810525237447
State St.,"State St, Madison, Wisconsin, 53706",43.074882,-89.39897995715891
Sunnyside Crescent,"Sunnyside Cres, Madison, Wisconsin, 53704",43.127775000000014,-89.31250994872588
300 block West Wilson St.,"300 W Wilson St, Madison, Wisconsin, 53703",43.070473409201064,-89.38433896662623
30 Ash St.,"30 Ash St, Madison, Wisconsin, 53726",43.06903253647085,-89.4255690949266
7302 Mineral Point Rd.,"7302 Mineral Point Rd, Madison, Wisconsin, 53717",43.060722498845216,-89.5093816937502
500 block of Moorland Rd,"500 Moorland Rd, Madison, Wisconsin, 53713",43.03565596999727,-89.37806037963074
N. Broom St.,"N Broom St, Madison, Wisconsin, 53703",43.07304726456376,-89.39114216773059
Chicago Ave.,"Chicago Ave, Madison, Wisconsin, 53714",43.10157993550099,-89.33217335540822
6202 Schroeder Rd.,"6202 Schroeder Rd, Madison, Wisconsin, 53711",43.04635346436587,-89.48712264210283
300 block Wisconsin Ave.,"300 Wisconsin Ave, Madison, Wisconsin, 53703",43.0768230370846,-89.38712789658187
500 block of Northport Drive,"500 Northport Dr, Madison, Wisconsin, 53704",43.14077127058236,-89.39030766933891
Bettys Lane and Frisch Rd,"Bettys Ln & Frisch Rd, Madison, Wisconsin, 53711",43.03808100000001,-89.49292650000001
S. Spaight Street and S. Ingersoll Street,"Spaight St & S Ingersoll St, Madison, Wisconsin, 53703",43.08068700000001,-89.364384
N. Henry St.,"N Henry St, Madison, Wisconsin, 53703",43.07507542368129,-89.39038458635657
62 East Towne Mall,"62 E Towne Mall, Madison, Wisconsin, 53704",43.12219771207565,-89.304858
1200 block McKenna Blvd.,"1200 McKenna Blvd, Madison, Wisconsin, 53719",43.04023501712978,-89.50495858255276
3220 Commercial Ave.,"3220 Commercial Ave, Madison, Wisconsin, 53714",43.107005522649686,-89.33429046725142
30 Ash St.,"30 Ash St, Madison, Wisconsin, 53726",43.06903253647085,-89.4255690949266
10 block of Waunona Woods Ct,"10 Waunona Woods Ct, Madison, Wisconsin, 53713",43.048451186833255,-89.34122461388935
313 State St.,"313 State St, Madison, Wisconsin, 53703",43.07475248124546,-89.39072258381903
702 Pflaum Rd,"702 Pflaum Rd, Madison, Wisconsin, 53716",43.06208650894319,-89.31984202553522
6300 block Hammersley Rd.,"6300 Hammersley Rd, Madison, Wisconsin, 53711",43.03916557357165,-89.4898832312447
1800 block of Schlimgen Ave,"1800 Schlimgen Ave, Madison, Wisconsin, 53704",43.11883494169659,-89.36161437758992
1907 S. Park Street,"1907 S Park St, Madison, Wisconsin, 53713",43.04516888398999,-89.39394565196994
1500 block Williamson St.,"1500 Williamson St, Madison, Wisconsin, 53703",43.08734500833856,-89.35909310286205
8210 Plaza Drive,"8210 Plaza Dr, Madison, Wisconsin, 53719",43.056562176842,-89.5240559195565
100 block E. Wilson St.,"100 W Wilson St, Madison, Wisconsin, 53703",43.071703057645166,-89.38261055391372
5726 Raymond Rd.,"5726 Raymond Rd, Madison, Wisconsin, 53711",43.0319864976914,-89.47739313918865
1100 block Williamson St.,"1100 Williamson St, Madison, Wisconsin, 53703",43.08207006690855,-89.3661139122402
Timber Lake Trail,"Timber Lake Trl, Madison, Wisconsin, 53719",43.052111966299286,-89.51107426686627
1700 block Northport Dr.,"1700 Northport Dr, Madison, Wisconsin, 53704",43.130553261145316,-89.36215495194246
500 block State St,"500 State St, Madison, Wisconsin, 53703",43.074889404594536,-89.39345901648642
2050 S. Stoughton Road,"2050 S Stoughton Rd, Madison, Wisconsin, 53716",43.06801474854291,-89.30980757487397
W/ Gilman Street/N. Henry Street,"W Gilman St & N Henry St, Madison, Wisconsin, 53703",43.076052000000004,-89.391663
S. Baldwin St.,"S Baldwin St, Madison, Wisconsin, 53703",43.084560913049266,-89.36263011957294
Tokay Blvd/Charles Lane,"Tokay Blvd & Charles Ln, Madison, Wisconsin, 53711",43.05358799999999,-89.454861
500 block State St.,"500 State St, Madison, Wisconsin, 53703",43.074889404594536,-89.39345901648642
4601 Verona Rd.,"4601 Verona Rd, Madison, Wisconsin, 53711",43.034964916440785,-89.45449950372225
1900 block Shelley Lane,"1900 Shelley Ln, Madison, Wisconsin, 53704",43.13389971871282,-89.35931817106909
E. Washington Ave.,"E Washington Ave, Madison, Wisconsin, 53718",43.14603175742423,-89.28533709741319
1100 block Moorland Rd.,"1100 Moorland Rd, Madison, Wisconsin, 53713",43.0336902252148,-89.36669723577278
600 block S. Gammon Rd.,"600 N Gammon Rd, Madison, Wisconsin, 53717",43.07515120088056,-89.50254959161862
2601 Shopko Dr.,"2601 Shopko Dr, Madison, Wisconsin, 53704",43.11135893672453,-89.34715111847032
1600 block Randy Lane,"1600 Randy Ln, Madison, Wisconsin, 53704",43.135033182846136,-89.36811067678178
1900 block South Park St.,"1900 S Park St, Madison, Wisconsin, 53713",43.044723136274456,-89.39418060430434
3102 Worthington Ave.,"3102 Worthington Ave, Madison, Wisconsin, 53714",43.10255348384158,-89.33704064348782
2800 block W. Beltline Frontage Rd.,"2800 Frontage Rd, Jackson, Tennessee, 38305",35.68960328449653,-88.85536889407446
100 block Harding St.,"100 Harding St, Madison, Wisconsin, 53714",43.09566261401104,-89.32784572911173
1725 Northport Dr.,"1725 Northport Dr, Madison, Wisconsin, 53704",43.12996537714266,-89.36182212533883
E. Washington Ave.,"E Washington Ave, Madison, Wisconsin, 53718",43.14603175742423,-89.28533709741319
1500 block Greenway Cross,"1500 Greenway Cross, Madison, Wisconsin, 53713",43.031477917176886,-89.40767432438682
100 Block of Gammon Rd.,"100 N Gammon Rd, Madison, Wisconsin, 53717",43.06943535039931,-89.5026273477872
Williamson St. and S. Patterson St.,"Williamson St & S Paterson St, Madison, Wisconsin, 53703",43.07945399999999,-89.36973449999999
5100 block of Great Gray Dr,"5100 Great Gray Dr, Madison, Wisconsin, 53718",43.03658508312951,-89.29473674538215
211 S Carroll St,"211 S Carroll St, Madison, Wisconsin, 53703",43.07207946658759,-89.38293338129759
1700 block of Moorland Rd.,"1700 Moorland Rd, Madison, Wisconsin, 53711",43.03316120670497,-89.35448189167732
John Nolen Dr.,"John Nolen Dr, Madison, Wisconsin, 53715",43.05825237187136,-89.38409284862941
800 N. Thompson Dr.,"800 N Thompson Dr, Madison, Wisconsin, 53704",43.10869389257348,-89.29914705602519
N. Lake St.,"N Lake St, Madison, Wisconsin, 53715",43.072866977804125,-89.39743732325655
Spring St.,"Spring St, Madison, Wisconsin, 53715",43.0695692098739,-89.40497753664953
1220 Carpenter St.,"1220 Carpenter St, Madison, Wisconsin, 53704",43.11225378881964,-89.33645584735402
1305 Regent St.,"1305 Regent St, Madison, Wisconsin, 53715",43.06772648845882,-89.40764194463038
4100 Block of Melody Ln,"4100 Melody Ln, Madison, Wisconsin, 53704",43.130737157513494,-89.31347171126035
S. Gammon Rd.,"S Gammon Rd, Madison, Wisconsin, 53719",43.05835678011036,-89.50293355999703
Ice Age Trail,"Ice Age Dr, Madison, Wisconsin, 53719",43.00725288342263,-89.51549810041861
Dryden Drive & Browning Lane,"Dryden Dr & Browning Rd, Madison, Wisconsin, 53704",43.131096000000014,-89.35947
400 Hawthorne Ct.,"400 Hawthorne Ct, Madison, Wisconsin, 53715",43.07319704965459,-89.39672501266018
211 South Carroll Street,"211 S Carroll St, Madison, Wisconsin, 53703",43.07207946658759,-89.38293338129759
7948 Tree Lane,"7948 Tree Ln, Madison, Wisconsin, 53717",43.06158344794861,-89.51981579012005
2100 block Post Road,"2100 Post Rd, Madison, Wisconsin, 53713",43.02689246402177,-89.41608961552038
Division St. at Helena St.,"Division St & Helena St, Madison, Wisconsin, 53704",43.09173000000001,-89.350974
2000 Post Rd.,"2000 Post Rd, Madison, Wisconsin, 53713",43.026941354455595,-89.41504566096279
1400 block of Emil Street,"1400 Emil St, Madison, Wisconsin, 53713",43.036715336930726,-89.40708134787414
1600 Troy Dr.,"1600 Troy Dr, Madison, Wisconsin, 53704",43.13367509014938,-89.36819251945838
4000 block Mandan Crescent,"4000 Mandan Cres, Madison, Wisconsin, 53711",43.04490317764086,-89.44010358807928
2800 block Commercial Avenue,"2800 Commercial Ave, Madison, Wisconsin, 53704",43.106847887151744,-89.34528486007596
402 W Gorham Street,"402 W Gorham St, Madison, Wisconsin, 53703",43.07408160672853,-89.39276691759461
3800 block East Washington Avenue,"3800 E Washington Ave, Madison, Wisconsin, 53704",43.119042529434175,-89.32153338644963
Rieder Rd / Portage Rd,"Rieder Rd & Portage Rd, Madison, Wisconsin, 53704",43.135479000000004,-89.3156535
2824 Atwood Ave.,"2824 Atwood Ave, Madison, Wisconsin, 53704",43.093880507212425,-89.34263086940969
4402 E. Buckeye Rd.,"4402 E Buckeye Rd, Madison, Wisconsin, 53716",43.07325139497359,-89.30825824548448
1300 Saint James Court,"1300 Saint James Ct, Madison, Wisconsin, 53715",43.06593321608855,-89.40728871608854
700 Gammon Road,"700 S Gammon Rd, Madison, Wisconsin, 53719",43.04943830835591,-89.50326958540556
2200 Lake Point Drive,"2200 Lake Point Dr, Madison, Wisconsin, 53713",43.04833207055572,-89.34998395464517
2602 East Springs Drive,"2602 E Springs Dr, Madison, Wisconsin, 53704",43.13089212842686,-89.30038431732963
211 South Carroll St,"211 S Carroll St, Madison, Wisconsin, 53703",43.07207946658759,-89.38293338129759
400 N. Frances St.,"400 N Frances St, Madison, Wisconsin, 53703",43.07317813806837,-89.39587548245066
Watts Rd. and Gammon Rd.,"Watts Rd & S Gammon Rd, Madison, Wisconsin, 53719",43.05014999999999,-89.5032135
Schroder Rd and Chapel Hill Dr,"Schroeder Rd & Chapel Hill Rd, Madison, Wisconsin, 53711",43.046279999999996,-89.4938535
Olin Avenue at Gilson St,"W Olin Ave & Gilson St, Madison, Wisconsin, 53715",43.053965999999996,-89.390241
600 block S Gammon Road,"600 N Gammon Rd, Madison, Wisconsin, 53717",43.07515120088056,-89.50254959161862
4300 block Wakefield Street,"4300 Wakefield St, Madison, Wisconsin, 53711",43.0527578315522,-89.4489085575069
3800 block East Washington Avenue,"3800 E Washington Ave, Madison, Wisconsin, 53704",43.119042529434175,-89.32153338644963
400 block West Towne Mall,"400 West Towne Mall, Madison, Wisconsin, 53719",43.056624347913456,-89.50394134791345
2400 Block Fremont Avenue,"2400 Fremont Ave, Madison, Wisconsin, 53704",43.124395845829966,-89.36493845070753
4601 Verona Road,"4601 Verona Rd, Madison, Wisconsin, 53711",43.034964916440785,-89.45449950372225
6700 block Schroeder Road,"6700 Schroeder Rd, Madison, Wisconsin, 53711",43.04632219116834,-89.49790114759956
3000 block Union Street,"3000 Union St, Madison, Wisconsin, 53714",43.100720341947955,-89.33845615159107
5800 block Raymond Road,"5800 Raymond Rd, Madison, Wisconsin, 53711",43.03203017302291,-89.47987649999999
1865 Northport Drive,"1865 Northport Dr, Madison, Wisconsin, 53704",43.12923565316831,-89.35992883728575
2000 block Leland Drive,"2000 Leland Dr, Madison, Wisconsin, 53711",43.03177611345444,-89.47983328725368
9002 County Road PD,"9002 County Road PD, Verona, Wisconsin, 53593",43.016229403705736,-89.5389325384721
1 John Nolen Dr.,"1 John Nolen Dr, Madison, Wisconsin, 53703",43.07054165675978,-89.3819538201292
John Nolen Dr.,"John Nolen Dr, Madison, Wisconsin, 53715",43.05825237187136,-89.38409284862941
Sycamore Av./Woodridge Ct.,"Sycamore Ave & Woodridge Ct, Madison, Wisconsin, 53704",43.113888,-89.298774
1600 block Stoughton Road,"1600 S Stoughton Rd, Madison, Wisconsin, 53716",43.07529592213698,-89.30964329168793
4100 block Major Avenue,"4100 Major Ave, Madison, Wisconsin, 53716",43.08093301181947,-89.32102763359639
900 block Williamson Street,"900 Williamson St, Madison, Wisconsin, 53703",43.079550094293126,-89.36971370330701
700 block South Gammon Road,"700 S Gammon Rd, Madison, Wisconsin, 53719",43.04943830835591,-89.50326958540556
300 Bl S. Brearly Street,"300 S Brearly St, Madison, Wisconsin, 53703",43.08139424917394,-89.36889753567495
2600 Bl Saint Paul Ave,"2600 Saint Paul Ave, Madison, Wisconsin, 53704",43.09526499345102,-89.34618172888737
400 block North Frances Street,"400 N Frances St, Madison, Wisconsin, 53703",43.07317813806837,-89.39587548245066
211 S Carroll,"211 S Carroll St, Madison, Wisconsin, 53703",43.07207946658759,-89.38293338129759
Scofield St at North 8th St,"Scofield St & N 8th St, Madison, Wisconsin, 53704",43.10542799999999,-89.35245
1300 bl Ruskin Street,"1300 Ruskin St, Madison, Wisconsin, 53704",43.11428825366569,-89.36149743323865
10 block Powers Avenue,"10 Powers Ave, Madison, Wisconsin, 53714",43.1000827543713,-89.33331765364403
1200 block Gilson Street,"1200 Gilson St, Madison, Wisconsin, 53715",43.053911478046295,-89.39030110094431
600 block State Street,"600 State St, Madison, Wisconsin, 53703",43.07491608069922,-89.39520630134281
300 block West Wilson Street,"300 W Wilson St, Madison, Wisconsin, 53703",43.070473409201064,-89.38433896662623
100 block North Carroll Street,"100 N Carroll St, Madison, Wisconsin, 53703",43.075067545621415,-89.38698848356927
825 Hughes Place,"825 Hughes Pl, Madison, Wisconsin, 53713",43.03980950620375,-89.3961315
4601 Verona Road,"4601 Verona Rd, Madison, Wisconsin, 53711",43.034964916440785,-89.45449950372225
1000 block Fish Hatchery Rd.,"1000 Fish Hatchery Rd, Madison, Wisconsin, 53715",43.05681084426376,-89.39896621309882
1700 block Northport Dr.,"1700 Northport Dr, Madison, Wisconsin, 53704",43.130553261145316,-89.36215495194246
4002 Evan Acres Rd.,"4002 Evan Acres Rd, Madison, Wisconsin, 53718",43.04093051110943,-89.2721205
Hazelwood Court,"Hazelwood Ct, Madison, Wisconsin, 53713",43.03547171989649,-89.38616668363284
Atwood Ave.,"Atwood Ave, Madison, Wisconsin, 53714",43.08832274196511,-89.32803200678026
Dorchester Way,"Dorchester Way, Madison, Wisconsin, 53719",43.014887714710476,-89.48800877540069
E. Gorham St.,"E Gorham St, Madison, Wisconsin, 53703",43.08383692280203,-89.37885584882054
Heath Ave.,"Heath Ave, Madison, Wisconsin, 53704",43.11956891622789,-89.36023637027402
6030 Gemini Drive,"6030 Gemini Dr, Madison, Wisconsin, 53718",43.086136064066054,-89.27823720085249
415 N. Lake St.,"415 N Lake St, Madison, Wisconsin, 53715",43.074320607248126,-89.39734294070658
Watts Rd.,"Watts Rd, Madison, Wisconsin, 53719",43.05196000603861,-89.51722243477933
6200 block University Ave.,"6200 University Ave, Middleton, Wisconsin, 53562",43.090188140522095,-89.48653957595208
402 W. Gorham St,"402 W Gorham St, Madison, Wisconsin, 53703",43.07408160672853,-89.39276691759461
W. Gorham St. at N. Bassett St.,"W Gorham St & N Bassett St, Madison, Wisconsin, 53703",43.07315400000002,-89.39399399999999
2500 block Monterey Dr.,"2500 Monterey Dr, Madison, Wisconsin, 53704",43.12541863396386,-89.3684388771407
401 N. Third St.,"401 N 3rd St, Madison, Wisconsin, 53704",43.09762838138357,-89.35972472823049
2300 block Atwood Ave.,"2300 Atwood Ave, Madison, Wisconsin, 53704",43.093495435595976,-89.34843154117634
699 S. Whitney Way,"699 S Whitney Way, Madison, Wisconsin, 53711",43.050366,-89.473354907958
1000 block North St.,"1000 North St, Madison, Wisconsin, 53704",43.110067613993166,-89.3512865655587
N. Orchard St.,"N Orchard St, Madison, Wisconsin, 53715",43.07277599999999,-89.40734099999999
Highway 51,"US Highway 51, Madison, Wisconsin, 53704",43.146455488495484,-89.32373300853254
N. Park St.,"N Park St, Madison, Wisconsin, 53715",43.07312714347479,-89.40065933782758
10 block of Prairie Hill Ct,"10 Prairie Hill Ct, Madison, Wisconsin, 53719",43.04465999999999,-89.52966063589909
500 Block Northport Drive,"500 Northport Dr, Madison, Wisconsin, 53704",43.14077127058236,-89.39030766933891
600 block E. Washington Ave.,"600 W Washington Ave, Madison, Wisconsin, 53703",43.06885997231511,-89.39256017645219
2900 block Turbot Dr.,"2900 Turbot Dr, Madison, Wisconsin, 53713",43.02966441290793,-89.41789996169732
Regent St.,"Regent St, Madison, Wisconsin, 53715",43.067655557242944,-89.39928298772887
1862 Beld St,"1862 Beld St, Madison, Wisconsin, 53713",43.04589404746377,-89.39311099088205
5700 Odana Rd.,"5700 Odana Rd, Madison, Wisconsin, 53719",43.05062390383896,-89.47952288990489
Hiawatha Drive,"Hiawatha Dr, Madison, Wisconsin, 53711",43.045500260924314,-89.44585499239302
1300 block Williamson St.,"1300 Williamson St, Madison, Wisconsin, 53703",43.0845992360539,-89.3625351655555
400 block W. Gorham St.,"400 E Gorham St, Madison, Wisconsin, 53703",43.08028818597631,-89.38401402600418
Vilas Ave.,"Vilas Ave, Madison, Wisconsin, 53711",43.06322700000002,-89.41257
700 Rethke Ave.,"700 Rethke Ave, Madison, Wisconsin, 53714",43.107035544630826,-89.33554910401428
500 Grandwood Ct,"500 Grandwood Ct, Madison, Wisconsin, 53714",43.103388275520096,-89.31010349170957
4692 Cottage Grove Rd.,"4692 Cottage Grove Rd, Madison, Wisconsin, 53716",43.08434553101691,-89.3009126888741
2601 Shopko Dr.,"2601 Shopko Dr, Madison, Wisconsin, 53704",43.11135893672453,-89.34715111847032
Seminole Hwy and Mohawk Dr.,"Seminole Hwy & Mohawk Dr, Madison, Wisconsin, 53711",43.03759500000001,-89.44335
600 Block University Avenue,"600 University Ave, Madison, Wisconsin, 53715",43.073197856080206,-89.39589752874353
3900 Block of East Washington Avenue,"3900 E Washington Ave, Madison, Wisconsin, 53704",43.12098956070706,-89.3185488926363
Carnwood Road,"Carnwood Rd, Madison, Wisconsin, 53719",43.019740632779616,-89.50269353902253
111 N. Broom St.,"111 N Broom St, Madison, Wisconsin, 53703",43.07255442466375,-89.39040468884545
E. Doty St.,"E Doty St, Madison, Wisconsin, 53703",43.07387850451057,-89.38117063422489
900 block Regent St.,"900 Regent St, Madison, Wisconsin, 53715",43.06774327248682,-89.40114963720097
Troy Drive,"Troy Dr, Madison, Wisconsin, 53704",43.13373745144295,-89.38375962459621
1900 block Pike Drive,"1900 Pike Dr, Madison, Wisconsin, 53713",43.02954529726394,-89.41276139179182
400 block W. Mifflin St.,"400 E Mifflin St, Madison, Wisconsin, 53703",43.078335293422136,-89.3814256678848
2600 Block East Washington Ave,"2600 E Washington Ave, Madison, Wisconsin, 53704",43.10051272105222,-89.34882471510292
State St.,"State St, Madison, Wisconsin, 53706",43.074882,-89.39897995715891
Jacobs Way,"Jacobs Way, Madison, Wisconsin, 53711",43.03648506297377,-89.4941149700157
700 block Ziegler Rd.,"700 Ziegler Rd, Madison, Wisconsin, 53714",43.1067372466366,-89.30610694053932
W. Johnson St.,"W Johnson St, Madison, Wisconsin, 53715",43.072055505612695,-89.39825551075593
500 block West Johnson St.,"500 W Johnson St, Madison, Wisconsin, 53715",43.07203629720746,-89.40216508679987
700 block Rethke Ave.,"700 Rethke Ave, Madison, Wisconsin, 53714",43.107035544630826,-89.33554910401428
Regent St. at N. Park St.,"Regent St & N Park St, Madison, Wisconsin, 53715",43.067673000000006,-89.40088349999999
4700 Block of Hayes Road,"4700 Hayes Rd, Madison, Wisconsin, 53704",43.14207122785045,-89.30128988435003
6800 Block of Schroeder Road,"6800 Schroeder Rd, Madison, Wisconsin, 53711",43.0462674622015,-89.50033154832914
300 block N. Lake St.,"300 N Lake St, Madison, Wisconsin, 53715",43.072055999999996,-89.39753884775921
10 block North Bedford St.,"10 N Bedford St, Madison, Wisconsin, 53703",43.06888977327801,-89.39264630921583
1250 McKenna Blvd.,"1250 McKenna Blvd, Madison, Wisconsin, 53719",43.03898686283338,-89.5024763194367
501 State St.,"501 State St, Madison, Wisconsin, 53703",43.0747865106758,-89.39385041909516
10 block W. Mifflin St.,"10 E Mifflin St, Madison, Wisconsin, 53703",43.0757155455084,-89.38504075237447
7400 block Sawmill Rd.,"7400 Sawmill Rd, Madison, Wisconsin, 53717",43.07986556271406,-89.50974687058198
N. Fourth St.,"N 4th St, Madison, Wisconsin, 53704",43.09731060685814,-89.35582387461007
728 State St.,"728 State St, Madison, Wisconsin, 53706",43.07491546104766,-89.39850044892954
4680 Cottage Grove Rd.,"4680 Cottage Grove Rd, Madison, Wisconsin, 53716",43.08434553101691,-89.3009126888741
2604 East Washington Ave.,"2604 E Washington Ave, Madison, Wisconsin, 53704",43.10088799668179,-89.34849683905568
W. Lakeview Ave.,"W Lakeview Ave, Madison, Wisconsin, 53716",43.07237757878023,-89.3201221227896
2200 block North Sherman Ave.,"2200 N Sherman Ave, Madison, Wisconsin, 53704",43.122551608224754,-89.36369096543544
E. Washington Ave.,"E Washington Ave, Madison, Wisconsin, 53718",43.14603175742423,-89.28533709741319
Kingsbridge Rd.,"Kingsbridge Rd, Madison, Wisconsin, 53714",43.086021261581784,-89.29061085686003
437 N. Frances St.,"437 N Frances St, Madison, Wisconsin, 53703",43.07363290756611,-89.39573814358711
500 block State St.,"500 State St, Madison, Wisconsin, 53703",43.074889404594536,-89.39345901648642
2701 Atwood Ave.,"2701 Atwood Ave, Madison, Wisconsin, 53704",43.093866532315886,-89.34467314071786
Thackeray Road,"Thackeray Rd, Madison, Wisconsin, 53704",43.132009555377586,-89.36013372951865
113 West Towne Mall,"113 West Towne Mall, Madison, Wisconsin, 53719",43.05997520851491,-89.50580684054741
5132 Voges Road,"5132 Voges Rd, Madison, Wisconsin, 53718",43.040672501729816,-89.29251064891217
Packers Ave./Darwin Rd.,"Packers Ave & Darwin Rd, Madison, Wisconsin, 53704",43.128927000000004,-89.355267
Darbo Dr./N. Marquette St.,"Darbo Dr & N Marquette St, Madison, Wisconsin, 53704",43.103538,-89.341452
600 block Braxton Place,"600 Braxton Pl, Madison, Wisconsin, 53715",43.06647110867543,-89.39806317390214
800 block of N Thompson Drive,"800 N Thompson Dr, Madison, Wisconsin, 53704",43.10869389257348,-89.29914705602519
118 S. Bedford Street,"118 S Bedford St, Madison, Wisconsin, 53703",43.067483812366646,-89.39068040120598
2920 N. Sherman Ave,"2920 N Sherman Ave, Madison, Wisconsin, 53704",43.12641136936474,-89.36364487294298
2100 block Sunnyside Crescent,"2100 Sunnyside Cres, Madison, Wisconsin, 53704",43.1269613397936,-89.31428681675673
Windigo Trail,"Windigo Trl, Madison, Wisconsin, 53711",43.04166014274421,-89.45570818605512
Radcliffe Drive,"Radcliffe Dr, Madison, Wisconsin, 53719",43.058828666335394,-89.51606888252171
1 Speedway Rd.,"1 Speedway Rd, Madison, Wisconsin, 53705",43.06756847550679,-89.42949606768835
3600 block Cross St.,"3600 Cross St, Madison, Wisconsin, 53711",43.053189199891555,-89.43821269989157
W. Doty St. at S. Broom St.,"W Doty St & S Broom St, Madison, Wisconsin, 53703",43.06987800000002,-89.38692449999999
317 State St.,"317 State St, Madison, Wisconsin, 53703",43.074746466818716,-89.39086208381903
1574 W Broadway Dr,"1574 W Broadway, Madison, Wisconsin, 53713",43.04719147936953,-89.342001
415 N Lake Street,"415 N Lake St, Madison, Wisconsin, 53715",43.074320607248126,-89.39734294070658
900 block S. Park St.,"900 N Park St, Madison, Wisconsin, 53706",43.07679826187106,-89.40060301807196
3762 East Washington Ave.,"3762 E Washington Ave, Madison, Wisconsin, 53704",43.11871988761598,-89.32194754665571
4225 East Towne Blvd.,"4225 East Towne Blvd, Madison, Wisconsin, 53704",43.12469050594396,-89.30975384537501
406 N. Frances St.,"406 N Frances St, Madison, Wisconsin, 53703",43.07355995337295,-89.39583756261165
1100 block Morraine View Dr.,"1100 Morraine View Dr, Madison, Wisconsin, 53719",43.04254752502807,-89.50635441385461
200 block S. Bassett St.,"200 N Bassett St, Madison, Wisconsin, 53703",43.07158391922191,-89.39273959030143
Bluejay Lane,"Bluejay Ln, Madison, Wisconsin, 53704",43.13421000000001,-89.35426799999999
4726 E. Washington Ave,"4726 E Washington Ave, Madison, Wisconsin, 53704",43.13245595117992,-89.30265252515986
Schroeder Rd.,"Schroeder Rd, Madison, Wisconsin, 53711",43.04630570310627,-89.4891900519889
1800 Axel Ave,"1800 Axel Ave, Madison, Wisconsin, 53711",43.0345746764496,-89.45005183541257
1980 Atwood Ave.,"1980 Atwood Ave, Madison, Wisconsin, 53704",43.092337566766574,-89.35515998309177
1100 block Jenifer St.,"1100 Jenifer St, Madison, Wisconsin, 53703",43.08142218030368,-89.36524457805183
50 block S. Gammon Rd.,"50 N Gammon Rd, Madison, Wisconsin, 53717",43.06894451488923,-89.5026273477872
2100 block of University Ave.,"2100 University Ave, Madison, Wisconsin, 53726",43.07278947281059,-89.42167925075645
3600 block Brigham Ave.,"3600 Brigham Ave, Madison, Wisconsin, 53714",43.11151421197879,-89.32546540092335
5400 Commercial Ave,"5400 Commercial Ave, Madison, Wisconsin, 53704",43.10666829164362,-89.28930528134055
2000 block Third Ave,"2000 3rd Ave, Madison, Wisconsin, 53713",43.04429529548153,-89.38965797407576
6300 block Alison Lane,"6300 Alison Ln, Madison, Wisconsin, 53711",43.04574694807748,-89.49017194087578
500 block W. Main St.,"500 E Main St, Madison, Wisconsin, 53703",43.07718364751762,-89.37847928469125
400 block W. Gilman St.,"400 W Gilman St, Madison, Wisconsin, 53703",43.074818656149866,-89.39347826805525
3400 block Graceland Ave.,"3400 Graceland Ave, Madison, Wisconsin, 53704",43.11573971610295,-89.33012187716241
West Side of Madison,"West Ln, Madison, Wisconsin, 53704",43.13756699999999,-89.36991450000001
1000 Chapel Hill Rd,"1000 Chapel Hill Rd, Madison, Wisconsin, 53711",43.043769000000005,-89.49397834804371
1000 block Chapel Hill Rd.,"1000 Chapel Hill Rd, Madison, Wisconsin, 53711",43.043769000000005,-89.49397834804371
4692 Cottage Grove Rd.,"4692 Cottage Grove Rd, Madison, Wisconsin, 53716",43.08434553101691,-89.3009126888741
100 block State St.,"100 State St, Madison, Wisconsin, 53703",43.074733493219334,-89.3870235
718 Ruskin St.,"718 Ruskin St, Madison, Wisconsin, 53704",43.107940547636666,-89.36127917078245
400 block W. Main St.,"400 E Main St, Madison, Wisconsin, 53703",43.07664288158689,-89.37922814510625
2000 block Northport Dr.,"2000 Northport Dr, Madison, Wisconsin, 53704",43.12876932698855,-89.35775872978141
Hawthorne Court,"Hawthorne Ct, Madison, Wisconsin, 53715",43.073820000000005,-89.3966265
4700 block Cottage Grove Rd.,"4700 Cottage Grove Rd, Madison, Wisconsin, 53716",43.084399047865666,-89.30047219441074
4700 Cottage Grove Rd,"4700 Cottage Grove Rd, Madison, Wisconsin, 53716",43.084399047865666,-89.30047219441074
2500 block Calypso Rd,"2500 Calypso Rd, Madison, Wisconsin, 53704",43.12525503136362,-89.36605909204201
Starling Lane,"Starling Ln, Madison, Wisconsin, 53704",43.133755695073184,-89.35091047962999
W. Mifflin St.,"W Mifflin St, Madison, Wisconsin, 53703",43.07510174705933,-89.38580741286144
1000 block McKenna Blvd.,"1000 McKenna Blvd, Madison, Wisconsin, 53719",43.04394474217731,-89.50381311740533
1000 block Spaight St.,"1000 Spaight St, Madison, Wisconsin, 53703",43.07947806734678,-89.3661858962251
Margaret Street,"Margaret St, Madison, Wisconsin, 53714",43.08942351632834,-89.31944862841885
Appleton Rd./Fish Hatchery Rd.,"Appleton Rd & Fish Hatchery Rd, Madison, Wisconsin, 53715",43.051788000000016,-89.39911049999999
300 Block West Mifflin Street,"300 W Mifflin St, Madison, Wisconsin, 53703",43.0734246286964,-89.38836188325529
4400 Block East Buckeye Road,"4400 E Buckeye Rd, Madison, Wisconsin, 53718",43.07475948393596,-89.2777563027037
2000 block Cameron Dr.,"2000 Cameron Dr, Madison, Wisconsin, 53711",43.031792313443,-89.48317490172454
2500 Block Calypso Road,"2500 Calypso Rd, Madison, Wisconsin, 53704",43.12525503136362,-89.36605909204201
Morrow Court,"Morrow Ct, Madison, Wisconsin, 53704",43.141868999999986,-89.39026799999999
4407 Cottage Grove Rd.,"4407 Cottage Grove Rd, Madison, Wisconsin, 53716",43.08405952063049,-89.30656027837729
500 block Northport Dr.,"500 Northport Dr, Madison, Wisconsin, 53704",43.14077127058236,-89.39030766933891
Marion St.,"Marion St, Madison, Wisconsin, 53703",43.071425999999995,-89.3946915
1600 block Troy Drive,"1600 Troy Dr, Madison, Wisconsin, 53704",43.13367509014938,-89.36819251945838
453 S. Gammon Rd.,"453 S Gammon Rd, Madison, Wisconsin, 53719",43.05707932944776,-89.50274592238472
4601 Verona Road,"4601 Verona Rd, Madison, Wisconsin, 53711",43.034964916440785,-89.45449950372225
2500 block Calypso Rd.,"2500 Calypso Rd, Madison, Wisconsin, 53704",43.12525503136362,-89.36605909204201
Vilas Ave./Harrison St,"Vilas Ave & Harrison St, Madison, Wisconsin, 53711",43.062039,-89.414424
W. Gilman St.,"W Gilman St, Madison, Wisconsin, 53703",43.07562648882883,-89.39225754215735
N. Bassett St.,"N Bassett St, Madison, Wisconsin, 53703",43.07153273295423,-89.39255748666915
204 State St.,"204 State St, Madison, Wisconsin, 53703",43.07474052264969,-89.38828894310116
W. Lakelawn Place,"W Lakelawn Pl, Madison, Wisconsin, 53703",43.07660376319878,-89.39391102511587
430 Commerce Dr.,"430 Commerce Dr, Madison, Wisconsin, 53719",43.05969752221795,-89.52512418708511
East Springs Dr.,"E Springs Dr, Madison, Wisconsin, 53704",43.129426142815035,-89.29442344975404
4200 block Derek Rd.,"4200 Derek Rd, Madison, Wisconsin, 53704",43.134211759689386,-89.31340533834535
Trappers Trail,"Trappers Trl, Middleton, Wisconsin, 53562",43.0788011675291,-89.5559583515528
1574 W. Broadway #107,"1574 W Broadway, #107, Madison, Wisconsin, 53713",43.04719147936953,-89.342001
2000 block Browning Road,"2000 Browning Rd, Madison, Wisconsin, 53704",43.13112665615209,-89.35654071461725
322 W. Johnson Street,"322 W Johnson St, Madison, Wisconsin, 53703",43.0742481032374,-89.39075899339221
Upham St./North St.,"Upham St & North St, Madison, Wisconsin, 53704",43.104195000000004,-89.3508435
1800 Helene Pkwy,"1800 Helene Pkwy, Madison, Wisconsin, 53711",43.03497265186629,-89.45291134813371
3401 University Ave,"3401 University Ave, Madison, Wisconsin, 53705",43.07514953952926,-89.44593236081136
State St. at N. Fairchild St.,"State St & N Fairchild St, Madison, Wisconsin, 53703",43.074702,-89.3880405
Downer Circle,"Downer Cir, Madison, Wisconsin, 53714",43.117105499999994,-89.31961799999999
111 N. Broom St.,"111 N Broom St, Madison, Wisconsin, 53703",43.07255442466375,-89.39040468884545
3762 East Washington Ave.,"3762 E Washington Ave, Madison, Wisconsin, 53704",43.11871988761598,-89.32194754665571
S. Thompson Dr.,"S Thompson Dr, Madison, Wisconsin, 53716",43.07313822238332,-89.28273569901971
Coolidge St.,"Coolidge St, Madison, Wisconsin, 53704",43.10921039526143,-89.34846752708323
E. Washington Ave.,"E Washington Ave, Madison, Wisconsin, 53718",43.14603175742423,-89.28533709741319
300 block N. Frances St.,"300 N Frances St, Madison, Wisconsin, 53703",43.07209724166213,-89.39590791961942
1250 McKenna Blvd.,"1250 McKenna Blvd, Madison, Wisconsin, 53719",43.03898686283338,-89.5024763194367
7000 block Tree Lane,"7000 Tree Ln, Madison, Wisconsin, 53717",43.06562269549399,-89.50341280325823
23 N. Pinckney St.,"23 N Pinckney St, Madison, Wisconsin, 53703",43.07610064475723,-89.38381140311056
1100 block Morraine View Dr.,"1100 Morraine View Dr, Madison, Wisconsin, 53719",43.04254752502807,-89.50635441385461
Milwaukee Road at Swanton Road,"Milwaukee St & Swanton Rd, Madison, Wisconsin, 53714",43.098848999999994,-89.3016135
Monroe St at West Lawn Ave,"Monroe St & W Lawn Ave, Madison, Wisconsin, 53711",43.059068999999994,-89.4260835
200 block N. Seventh St.,"200 N 7th St, Madison, Wisconsin, 53704",43.10098161572541,-89.35168687816677
100 block State St.,"100 State St, Madison, Wisconsin, 53703",43.074733493219334,-89.3870235
McKenna Blvd./Park Heights Ct.,"McKenna Blvd & Park Heights Ct, Madison, Wisconsin, 53711",43.03589400000001,-89.4970305
800 Block W. Badger Road,"800 W Badger Rd, Madison, Wisconsin, 53713",43.03857766770456,-89.39446092920953
2900 block Hoard St.,"2900 Hoard St, Madison, Wisconsin, 53704",43.105206902988634,-89.34299149683025
134 S. Fair Oaks Ave.,"134 S Fair Oaks Ave, Madison, Wisconsin, 53704",43.096500647267405,-89.33716083045735
400 block of East Bluff,"400 East Bluff, Madison, Wisconsin, 53704",43.13201130024062,-89.36358030024061
3401 University Ave,"3401 University Ave, Madison, Wisconsin, 53705",43.07514953952926,-89.44593236081136
4101 Commercial Ave.,"4101 Commercial Ave, Madison, Wisconsin, 53714",43.107561398551596,-89.31472789321322
102 W. Corporate Dr.,"102 W Corporate Dr, Madison, Wisconsin, 53714",43.09855200000001,-89.32161760762256
N. Livingston Street/E. Washington Ave,"N Livingston St & E Washington Ave, Madison, Wisconsin, 53703",43.081019999999995,-89.375103
N. Paterson St.,"N Paterson St, Madison, Wisconsin, 53703",43.08419781841247,-89.37590059121662
6205 Mineral Point Rd.,"6205 Mineral Point Rd, Madison, Wisconsin, 53705",43.060734468406196,-89.48744180682671
West Towne Mall,West Towne Mall,43.06016000000005,-89.50782999999996
105 W. Main St.,"105 W Main St, Madison, Wisconsin, 53703",43.07278835330952,-89.38443530890419
Univeristy Ave near Campus Dr,"Campus Dr, Madison, Wisconsin, 53715",43.072518220711245,-89.40818859524043
4500 Block of Cottage Grove Road,"4500 Cottage Grove Rd, Madison, Wisconsin, 53716",43.084315716670744,-89.30529813436586
6900 block Odana Rd.,"6900 Odana Rd, Madison, Wisconsin, 53719",43.05665089040335,-89.50132057916188
1400 block Theresa Terrace,"1400 Theresa Ter, Madison, Wisconsin, 53711",43.03805217145396,-89.48989384630529
30 E. Johnson St.,"30 E Johnson St, Madison, Wisconsin, 53703",43.07748864669047,-89.38618876770148
Mineral Point Rd.,"Mineral Point Rd, Madison, Wisconsin, 53719",43.06035121655957,-89.52916349364817
1574 W. Broadway,"1574 W Broadway, Madison, Wisconsin, 53713",43.04719147936953,-89.342001
614 E. Gorham St.,"614 E Gorham St, Madison, Wisconsin, 53703",43.08157149347914,-89.38213914077518
E. Dayton St.,"E Dayton St, Madison, Wisconsin, 53704",43.10206907603817,-89.34992075462974
6700 block Schroeder Rd.,"6700 Schroeder Rd, Madison, Wisconsin, 53711",43.04632219116834,-89.49790114759956
2900 Union St.,"2900 Union St, Madison, Wisconsin, 53704",43.10078893617789,-89.3414804558161
3734 Speedway Road,"3734 Speedway Rd, Madison, Wisconsin, 53705",43.061490712187656,-89.43770795521928
East Towne Mall,East Towne Mall,43.125440000000026,-89.30646999999999
Pflaum Rd./Monona Dr.,"Pflaum Rd & Monona Dr, Madison, Wisconsin, 53716",43.06214700000001,-89.326152
State Street Area / Downtown Madison,"State St, Madison, Wisconsin, 53703",43.07481205247545,-89.39351643714112
2601 W. Beltline Hwy,"2601 W Beltline Hwy, Madison, Wisconsin, 53713",43.03491054227057,-89.42155191049682
1700 Windom Way,"1700 Windom Way, Madison, Wisconsin, 53704",43.12668329344469,-89.36350470655532
3700 block Packers Ave.,"3700 Packers Ave, Madison, Wisconsin, 53704",43.13355441905656,-89.35542974106045
East Washington Ave.,"E Washington Ave, Madison, Wisconsin, 53718",43.14603175742423,-89.28533709741319
4407 Cottage Grove Rd.,"4407 Cottage Grove Rd, Madison, Wisconsin, 53716",43.08405952063049,-89.30656027837729
1700 Bl Schlimgen Ave,"1700 Schlimgen Ave, Madison, Wisconsin, 53704",43.11898282980924,-89.36361362445108
2701 Atwood Ave.,"2701 Atwood Ave, Madison, Wisconsin, 53704",43.093866532315886,-89.34467314071786
E. Mifflin St.,"E Mifflin St, Madison, Wisconsin, 53704",43.09968620903981,-89.35156546910277
500 block Riverside Dr.,"500 Riverside Dr, Madison, Wisconsin, 53704",43.08746710810235,-89.35638612754911
Mineral Point Rd.,"Mineral Point Rd, Madison, Wisconsin, 53719",43.06035121655957,-89.52916349364817
2700 Block of Dryden Drive,"2700 Dryden Dr, Madison, Wisconsin, 53704",43.12663267845451,-89.36004261620744
1100 block Moorland Rd.,"1100 Moorland Rd, Madison, Wisconsin, 53713",43.0336902252148,-89.36669723577278
Ferris Ave.,"Ferris Ave, Madison, Wisconsin, 53716",43.08295478941575,-89.30137061229053
200 block N. Frances St.,"200 N Frances St, Madison, Wisconsin, 53703",43.07090928429157,-89.39595737543716
Linda Vista Rd.,"Linda Vista Rd, Madison, Wisconsin, 53716",43.06396236307436,-89.31359244034834
Brindley Circle,"Brindley Cir, Madison, Wisconsin, 53719",43.023442499999994,-89.50645349999999
Troy Drive,"Troy Dr, Madison, Wisconsin, 53704",43.13373745144295,-89.38375962459621
4512 E. Washington Ave.,"4512 E Washington Ave, Madison, Wisconsin, 53704",43.12870859403255,-89.30793685050996
2302 Atwood Ave.,"2302 Atwood Ave, Madison, Wisconsin, 53704",43.09347613572619,-89.34833756050551
3100 Webb Ave.,"3100 Webb Ave, Madison, Wisconsin, 53714",43.104686483424054,-89.33774146690747
900 block Spaight St.,"900 Spaight St, Madison, Wisconsin, 53703",43.07826322026963,-89.36795325100998
400 block W. Gilman St.,"400 W Gilman St, Madison, Wisconsin, 53703",43.074818656149866,-89.39347826805525
300 block S. Livingston St.,"300 N Livingston St, Madison, Wisconsin, 53703",43.083146368261275,-89.3781447860246
3100 block Pelham Rd.,"3100 Pelham Rd, Madison, Wisconsin, 53713",43.02943915536618,-89.42943836261692
30 Ash St.,"30 Ash St, Madison, Wisconsin, 53726",43.06903253647085,-89.4255690949266
1524 Williamson St.,"1524 Williamson St, Madison, Wisconsin, 53703",43.087835409111825,-89.35860330073852
600 block E. Washington Ave.,"600 W Washington Ave, Madison, Wisconsin, 53703",43.06885997231511,-89.39256017645219
4513 Milwaukee St.,"4513 Milwaukee St, Madison, Wisconsin, 53714",43.09873648788189,-89.30503125284207
200 Block W. Lakelawn Place,"200 Lakelawn Pl, Madison, Wisconsin, 53703",43.077207011894814,-89.39328956563867
5700 block Russett Rd.,"5700 Russett Rd, Madison, Wisconsin, 53711",43.033054184831876,-89.4770428486851
2222 S. Park St.,"2222 S Park St, Madison, Wisconsin, 53713",43.041473999999994,-89.39413759925536
Golden Hue Blvd.,"Golden Hue Blvd, Verona, Wisconsin, 53593",43.055535727404546,-89.54978921205091
4501 Verona Road,"4501 Verona Rd, Madison, Wisconsin, 53711",43.03564277710788,-89.45355634260507
S. Whitney Way at Schroeder Road,"Schroeder Rd, Madison, Wisconsin, 53711",43.04630570310627,-89.4891900519889
Dwight Dr.,"Dwight Dr, Madison, Wisconsin, 53704",43.127224498036846,-89.31220432475628
2733 E. Washington Ave,"2733 E Washington Ave, Madison, Wisconsin, 53704",43.102267421124374,-89.34622171558689
Sherman Terrace,"Sherman Terrace, Madison, Wisconsin",43.096730000000036,-89.36774999999994
3737 E. Washington Ave,"3737 E Washington Ave, Madison, Wisconsin, 53704",43.118129213947995,-89.32247375959409
3101 N Sherman Ave,"3101 N Sherman Ave, Madison, Wisconsin, 53704",43.13001600000001,-89.3634948529924
1110 N. Sherman Ave.,"1110 N Sherman Ave, Madison, Wisconsin, 53704",43.11239304443401,-89.36381962262621
Regent St.,"Regent St, Madison, Wisconsin, 53715",43.067655557242944,-89.39928298772887
Huxley St.,"Huxley St, Madison, Wisconsin, 53704",43.11835005753758,-89.35962709413117
4600 block Atticus Way,"4600 Atticus Way, Madison, Wisconsin, 53711",43.033711459597804,-89.45517262163314
N. Third St.,"N 3rd St, Madison, Wisconsin, 53704",43.0963465289332,-89.35802123736603
4198 Nakoosa Trail,"4198 Nakoosa Trl, Madison, Wisconsin, 53714",43.10968272811398,-89.31157391392966
500 block State St,"500 State St, Madison, Wisconsin, 53703",43.074889404594536,-89.39345901648642
Monica Lane,"Monica Ln, Madison, Wisconsin, 53704",43.14645816184443,-89.3758179377049
603 State St.,"603 State St, Madison, Wisconsin, 53703",43.07481846681873,-89.3959832514571
2100 block Luann Lane,"2100 Luann Ln, Madison, Wisconsin, 53713",43.03278586330489,-89.41656567583009
300 block E. Johnson St.,"300 W Johnson St, Madison, Wisconsin, 53715",43.072037565023145,-89.40223925401729
100 N. Hamilton St.,"100 N Hamilton St, Madison, Wisconsin, 53703",43.076989121011025,-89.38412997157924
3300 block East Washington Ave.,"3300 E Washington Ave, Madison, Wisconsin, 53704",43.11060942336546,-89.33421529098878
702 Pflaum Rd,"702 Pflaum Rd, Madison, Wisconsin, 53716",43.06208650894319,-89.31984202553522
6000 block Odana Road,"6000 Odana Rd, Madison, Wisconsin, 53719",43.05283024903447,-89.48432046773276
700 block Troy Dr.,"700 Troy Dr, Madison, Wisconsin, 53704",43.13384652022056,-89.38720992937502
Cheyenne Circle,"Cheyenne Cir, Madison, Wisconsin, 53705",43.06392000000001,-89.46421649999999
King James Way,"King James Way, Madison, Wisconsin, 53719",43.0201000950837,-89.47532304415621
5500 Greenleaf Dr,"5500 Greenleaf Dr, Madison, Wisconsin, 53713",43.045844710197336,-89.36171098806265
1500 block Loftsgordon,"1500 Loftsgordon Ave, Madison, Wisconsin, 53704",43.11624627424136,-89.35769194905325
Nokomis Court,"Nokomis Ct, Madison, Wisconsin, 53711",43.043989500000016,-89.45413425
N. Stoughton Rd.,"N Stoughton Rd, Madison, Wisconsin, 53714",43.09852419753015,-89.31631864219557
4198 Nakoosa Trail,"4198 Nakoosa Trl, Madison, Wisconsin, 53714",43.10968272811398,-89.31157391392966
6400 block Bridge Rd.,"6400 Bridge Rd, Madison, Wisconsin, 53713",43.049398035291475,-89.33769532393536
3859 East Washington Ave.,"3859 E Washington Ave, Madison, Wisconsin, 53704",43.120937527584026,-89.31822693251227
1516 Greenway Cross,"1516 Greenway Cross, Madison, Wisconsin, 53713",43.03143447157923,-89.40802043782104
2300 Columbus Ln,"2300 Columbus Ln, Madison, Wisconsin, 53704",43.12904342109124,-89.30747746803827
4501 Hammersley Road,"4501 Hammersley Rd, Madison, Wisconsin, 53711",43.03896750952198,-89.45403227699232
1800 block of Browning Road,"1800 Browning Rd, Madison, Wisconsin, 53704",43.1311913217463,-89.36055865494484
Packers Ave.,"Packers Ave, Madison, Wisconsin, 53704",43.122182353376814,-89.35512059191721
2100 block of Luann Ln,"2100 Luann Ln, Madison, Wisconsin, 53713",43.03278586330489,-89.41656567583009
7000 block of Raymond Road,"7000 Raymond Rd, Madison, Wisconsin, 53719",43.031760172680244,-89.50204067268025
800 block Ondossagon Way,"800 Ondossagon Way, Madison, Wisconsin, 53719",43.04851075342576,-89.51702955516919
500 block W. Mifflin St.,"500 E Mifflin St, Madison, Wisconsin, 53703",43.07882984249351,-89.38070890905323
4301 Lien Rd.,"4301 Lien Rd, Madison, Wisconsin, 53704",43.12097850331915,-89.30672184387447
7501 Mineral Point Rd.,"7501 Mineral Point Rd, Madison, Wisconsin, 53717",43.06050050620375,-89.51319955536961
1800 block of Fisher Street,"1800 Fisher St, Madison, Wisconsin, 53713",43.047788185730816,-89.39155274679545
Reston Heights Dr.,"Reston Heights Dr, Madison, Wisconsin, 53718",43.09906361610325,-89.25824976596172
Winchester St.,"Winchester St, Madison, Wisconsin, 53704",43.12121352578217,-89.36161623247365
100 block East Washington Ave.,"100 E Washington Ave, Madison, Wisconsin, 53703",43.07553609083458,-89.38302470389354
100 block State St.,"100 State St, Madison, Wisconsin, 53703",43.074733493219334,-89.3870235
Rockwell Drive,"Rockwell Dr, Madison, Wisconsin, 53714",43.08782762002117,-89.31597758453631
2033 Londonderry Dr.,"2033 Londonderry Dr, Madison, Wisconsin, 53704",43.12998089229054,-89.35598438729886
201 W. Gorham St.,"201 W Gorham St, Madison, Wisconsin, 53703",43.0752674188067,-89.39097667011957
E. Gilman St.,"E Gilman St, Madison, Wisconsin, 53703",43.079181221353295,-89.38721437177762
Siggelkow Rd.,"Siggelkow Rd, Madison, Wisconsin, 53718",43.02595423341757,-89.29306614499298
1900 block N. Sherman Ave.,"1900 Sherman Ave, Madison, Wisconsin, 53704",43.0970609222978,-89.36818370445468
West Beltline Highway,"W Beltline Hwy, Madison, Wisconsin, 53719",43.04643516224113,-89.47368100226728
East Towne Mall,East Towne Mall,43.125440000000026,-89.30646999999999
Atlas Ave.,"Atlas Ave, Madison, Wisconsin, 53714",43.08780530504289,-89.31100243326689
State St.,"State St, Madison, Wisconsin, 53706",43.074882,-89.39897995715891
W. Lakelawn Place,"W Lakelawn Pl, Madison, Wisconsin, 53703",43.07660376319878,-89.39391102511587
400 N. Segoe Rd,"400 N Segoe Rd, Madison, Wisconsin, 53705",43.07085978999463,-89.45501067354346
2002 Winnebago St.,"2002 Winnebago St, Madison, Wisconsin, 53704",43.092643441312156,-89.35472875232247
State St.,"State St, Madison, Wisconsin, 53706",43.074882,-89.39897995715891
415 N. Lake Street,"415 N Lake St, Madison, Wisconsin, 53715",43.074320607248126,-89.39734294070658
2929 E Washington Ave,"2929 E Washington Ave, Madison, Wisconsin, 53704",43.103322683565345,-89.34372953023842
4700 block Cottage Grove Rd.,"4700 Cottage Grove Rd, Madison, Wisconsin, 53716",43.084399047865666,-89.30047219441074
Williamson St.,"Williamson St, Madison, Wisconsin, 53703",43.08159265938293,-89.36667356294464
200 Langdon Street,"200 Langdon St, Madison, Wisconsin, 53703",43.07661721706373,-89.39272178132015
S. High Point Rd.,"S High Point Rd, Madison, Wisconsin, 53719",43.04590606653325,-89.5179312921608
1300 Manassas Trl,"1300 Manassas Trl, Madison, Wisconsin, 53718",43.08158083907698,-89.27568211753865
800 Vera Ct.,"800 Vera Ct, Madison, Wisconsin, 53704",43.13481210668389,-89.38433623800057
462 Commerce Drive,"462 Commerce Dr, Madison, Wisconsin, 53719",43.05625141326678,-89.52286959319584
2909 E. Washington Ave,"2909 E Washington Ave, Madison, Wisconsin, 53704",43.102965796237804,-89.34460155228254
Meadow Sweet Dr.,"Meadow Sweet Dr, Madison, Wisconsin, 53719",43.0403878778915,-89.513712
1400 block Wayridge Dr.,"1400 Wayridge Dr, Madison, Wisconsin, 53704",43.1176356542557,-89.30015235639215
Droster Rd.,"Droster Rd, Madison, Wisconsin, 53716",43.07835955446943,-89.28664927779329
7900 W. Oakbrook Cir,"7900 W Oakbrook Cir, Madison, Wisconsin, 53717",43.06645257298766,-89.5217667611172
400 block W. Washington Ave.,"400 E Washington Ave, Madison, Wisconsin, 53703",43.07753421059517,-89.38042281953658
2800 block International Lane,"2800 International Ln, Madison, Wisconsin, 53704",43.12671744968167,-89.34987869941605
6600 block Berkshire Rd.,"6600 Berkshire Rd, Madison, Wisconsin, 53711",43.045737190425356,-89.49397219042535
2502 Shopko Dr.,"2502 Shopko Dr, Madison, Wisconsin, 53704",43.11161116804116,-89.34956800888679
E. Johnson St./N. Baldwin St.,"E Johnson St & N Baldwin St, Madison, Wisconsin, 53703",43.08953399999999,-89.3691135
Northport Dr./Barby Ln.,"Northport Dr & Barby Ln, Madison, Wisconsin, 53704",43.13737800000001,-89.380692
916 Regent St.,"916 Regent St, Madison, Wisconsin, 53715",43.06769947489746,-89.40194958090484
S. Stoughton Rd.,"S Stoughton Rd, Madison, Wisconsin, 53716",43.04823403487346,-89.30811666052918
3528 E. Washington Ave.,"3528 E Washington Ave, Madison, Wisconsin, 53704",43.11511129317813,-89.32765620568587
3535 East Washington Avenue,"3535 E Washington Ave, Madison, Wisconsin, 53704",43.11539982428319,-89.32673630596133
5521 Odana Rd.,"5521 Odana Rd, Madison, Wisconsin, 53719",43.04998848456366,-89.47496224854291
4700 block Cottage Grove Rd.,"4700 Cottage Grove Rd, Madison, Wisconsin, 53716",43.084399047865666,-89.30047219441074
S. Gammon Rd.,"S Gammon Rd, Madison, Wisconsin, 53719",43.05835678011036,-89.50293355999703
East Towne Mall,East Towne Mall,43.125440000000026,-89.30646999999999
Northport Dr.,"Northport Dr, Madison, Wisconsin, 53704",43.1524147656076,-89.40351846233278
5602 Tokay Blvd,"5602 Tokay Blvd, Madison, Wisconsin, 53719",43.0535525115412,-89.47545244463038
1000 block S. Thompson Dr.,"1000 N Thompson Dr, Madison, Wisconsin, 53704",43.1126277904274,-89.29622730333199
4325 Lien Road,"4325 Lien Rd, Madison, Wisconsin, 53704",43.12100053895235,-89.30600147155059
1700 block Southern Ridge Trl,"1700 Southern Ridge Trl, Madison, Wisconsin, 53719",43.03351868634865,-89.5211464262166
2100 Block Luann Lane,"2100 Luann Ln, Madison, Wisconsin, 53713",43.03278586330489,-89.41656567583009
N. Fair Oaks at Milwaukee St,"N Fair Oaks Ave & Milwaukee St, Madison, Wisconsin, 53714",43.09968599999999,-89.3323125
300 block W. Wilson St.,"300 E Wilson St, Madison, Wisconsin, 53703",43.0747263779299,-89.37839193177497
300 block State St.,"300 State St, Madison, Wisconsin, 53703",43.074852632886234,-89.39008031803768
West Towne Mall,West Towne Mall,43.06016000000005,-89.50782999999996
West Beltline Highway,"W Beltline Hwy, Madison, Wisconsin, 53719",43.04643516224113,-89.47368100226728
800 block Valley Rd.,"800 Valley Rd, Madison, Wisconsin, 53714",43.087505536140235,-89.29427239715135
1100 block E. Johnson St.,"1100 W Johnson St, Madison, Wisconsin, 53715",43.072180497691384,-89.40457052983439
200 block W. Gilman St.,"200 E Gilman St, Madison, Wisconsin, 53703",43.08005571414879,-89.38609793453519
2444 Perry St.,"2444 Perry St, Madison, Wisconsin, 53713",43.03712786955393,-89.39661798990112
2801 North Sherman Ave.,"2801 N Sherman Ave, Madison, Wisconsin, 53704",43.12766730391252,-89.3635243473665
3153 Maple Grove Dr.,"3153 Maple Grove Dr, Madison, Wisconsin, 53719",43.01614729808415,-89.49883245845153
400 block N. Frances St.,"400 N Frances St, Madison, Wisconsin, 53703",43.07317813806837,-89.39587548245066
709 Struck St.,"709 Struck St, Madison, Wisconsin, 53711",43.04952802608348,-89.49599452937304
Ancient Oak Lane,"Ancient Oak Ln, Verona, Wisconsin, 53593",43.0450904771287,-89.5561172906443
700 block of Troy Dr.,"700 Troy Dr, Madison, Wisconsin, 53704",43.13384652022056,-89.38720992937502
1000 block Williamson Street,"1000 Williamson St, Madison, Wisconsin, 53703",43.08082831687667,-89.36791199417439
500 State Street,"500 State St, Madison, Wisconsin, 53703",43.074889404594536,-89.39345901648642
"4624 Monona Drive, Madison, WI","4624 Monona Dr, Madison, Wisconsin, 53716",43.069573948929566,-89.32606542959809
State Street/North Henry Street,"State St & N Henry St, Madison, Wisconsin, 53703",43.07477399999999,-89.3900025
"516 South Park Street, Madison, WI","516 S Park St, Madison, Wisconsin, 53715",43.06164249708581,-89.40089008814687
714 W Badger Road,"714 W Badger Rd, Madison, Wisconsin, 53713",43.038494453257385,-89.39255005536961
700 block of N Midvale Blvd,"700 N Midvale Blvd, Madison, Wisconsin, 53705",43.073572489138165,-89.45131066142837
604 Cottage Grove Rd.,"604 Cottage Grove Rd, Madison, Wisconsin, 53716",43.08394947157926,-89.31574149861503
2509 Perry St.,"2509 Perry St, Madison, Wisconsin, 53713",43.03641611518265,-89.39653439295435
2400 block Dunns Marsh Terrace,"2400 Dunn's Marsh Ter, Madison, Wisconsin, 53711",43.026476281584536,-89.45876703721831
2201 Zeier Rd.,"2201 Zeier Rd, Madison, Wisconsin, 53704",43.12828426539289,-89.30358635573371
7900 block Tree Lane,"7900 Tree Ln, Madison, Wisconsin, 53717",43.06382321758752,-89.51971813867517
500 S Park Street,"500 S Park St, Madison, Wisconsin, 53715",43.06195386948166,-89.40091755942325
1102 Regent St.,"1102 Regent St, Madison, Wisconsin, 53715",43.06775345325738,-89.40455155536961
2900 block Todd Dr.,"2900 Todd Dr, Madison, Wisconsin, 53713",43.03329595760926,-89.42301508399157
6202 Schoeder Rd,"6202 Schroeder Rd, Madison, Wisconsin, 53711",43.04635346436587,-89.48712264210283
200 block S.Park St.,"200 N Park St, Madison, Wisconsin, 53715",43.070999097279966,-89.40097956908414
1128 S Park St,"1128 S Park St, Madison, Wisconsin, 53715",43.05410305438866,-89.3967078279472
"E. Johnson Street/Wisconsin Avenue, Madison, WI","E Johnson St & Wisconsin Ave, Madison, Wisconsin, 53703",43.07683500000002,-89.3870325
3700 block Kipling Dr.,"3700 Kipling Dr, Madison, Wisconsin, 53704",43.13382521688399,-89.35673846555935
Oakbridge Court,"Oakbridge Ct, Madison, Wisconsin, 53717",43.06390484955921,-89.5213002403547
Pelham Rd.,"Pelham Rd, Madison, Wisconsin, 53713",43.0298821396362,-89.42877634611145
220 Cottage Grove Rd,"220 Cottage Grove Rd, Madison, Wisconsin, 53716",43.08374751154119,-89.32217280544174
800 Block Troy Drive,"800 Troy Dr, Madison, Wisconsin, 53704",43.13381603743424,-89.38379387796721
400 block E. Campus Drive,"400 Campus Dr, Florham Park, New Jersey, 07932",40.785512442351376,-74.42655094979585
2500 Calypso Road,"2500 Calypso Rd, Madison, Wisconsin, 53704",43.12525503136362,-89.36605909204201
2100 Pike Dr.,"2100 Pike Dr, Madison, Wisconsin, 53713",43.029495326757214,-89.41692371142697
100 block S. Butler St,"100 N Butler St, Madison, Wisconsin, 53703",43.077589493249874,-89.38242512111105
300 S. Brearly,"300 S Brearly St, Madison, Wisconsin, 53703",43.08139424917394,-89.36889753567495
409 W. Gorham St.,"409 W Gorham St, Madison, Wisconsin, 53703",43.073715490132265,-89.39317450955063
7810 Mineral Point Rd.,"7810 Mineral Point Rd, Madison, Wisconsin, 53717",43.06061049826831,-89.51860188634657
1400 block Northport Dr.,"1400 Northport Dr, Madison, Wisconsin, 53704",43.13491398886775,-89.37305017876383
1130 Williamson St.,"1130 Williamson St, Madison, Wisconsin, 53703",43.082691348058084,-89.36519001154119
1900 block Sherman Ave.,"1900 Sherman Ave, Madison, Wisconsin, 53704",43.0970609222978,-89.36818370445468
1800 Block of Fordem Ave,"1800 Fordem Ave, Madison, Wisconsin, 53704",43.09556952894608,-89.36348227211332
2000 Block Baird St,"2000 Baird St, Madison, Wisconsin, 53713",43.044315789714226,-89.3907134737872
6800 block Park Ridge Dr.,"6800 Park Ridge Dr, Madison, Wisconsin, 53719",43.04315928397666,-89.50143165551846
725 S. Gammon Rd.,"725 S Gammon Rd, Madison, Wisconsin, 53719",43.04907,-89.50303293998637
N. Orchard St.,"N Orchard St, Madison, Wisconsin, 53715",43.07277599999999,-89.40734099999999
444 S. Park St.,"444 S Park St, Madison, Wisconsin, 53715",43.06238999999999,-89.4009005809335
6514 Schroeder Rd.,"6514 Schroeder Rd, Madison, Wisconsin, 53711",43.04629546104767,-89.49426147016561
3100 block Churchill Dr.,"3100 Churchill Dr, Madison, Wisconsin, 53713",43.02989751302001,-89.42228527272337
Williamson St.,"Williamson St, Madison, Wisconsin, 53703",43.08159265938293,-89.36667356294464
700 Odana Lane,"700 Odana Ln, Madison, Wisconsin, 53711",43.050000659451065,-89.47193531746086
2800 Block of Todd Drive,"2800 Todd Dr, Madison, Wisconsin, 53713",43.034938195312314,-89.42286780915214
4325 Mohawk Drive,"4325 Mohawk Dr, Madison, Wisconsin, 53711",43.03823804550186,-89.45055856844002
4217 W. Beltline Hwy,"4217 W Beltline Hwy, Madison, Wisconsin, 53711",43.034386506780685,-89.44478991618097
2801 Atwood Avenue,"2801 Atwood Ave, Madison, Wisconsin, 53704",43.09384253952927,-89.34321111226845
Portage Rd.,"Portage Rd, Madison, Wisconsin, 53718",43.161570110879765,-89.30485930112775
41 East Towne Mall,"41 E Towne Mall, Madison, Wisconsin, 53704",43.12234882015914,-89.30537248033134
5702 Raymond Rd.,"5702 Raymond Rd, Madison, Wisconsin, 53711",43.03198552322662,-89.47736163918864
3554 E. Washington Ave,"3554 E Washington Ave, Madison, Wisconsin, 53704",43.11556779268846,-89.32686976146907
Calypso Rd/Trailsway,"Calypso Rd & Trailsway, Madison, Wisconsin, 53704",43.12611900000002,-89.366004
2000 block Frisch Rd.,"2000 Frisch Rd, Madison, Wisconsin, 53711",43.03170392860406,-89.49364359660794
Riva Rd.,"Riva Rd, Madison, Wisconsin, 53711",43.02999,-89.48607098030142
101 State St.,"101 State St, Madison, Wisconsin, 53703",43.07467851067582,-89.38690102553522
3709 Kinsman Blvd,"3709 Kinsman Blvd, Madison, Wisconsin, 53704",43.1255854773503,-89.324403914796
900 block Jenifer St.,"900 Jenifer St, Madison, Wisconsin, 53703",43.07887488610226,-89.36881512844795
S. Westfield Rd.,"S Westfield Rd, Madison, Wisconsin, 53717",43.06409141670461,-89.5077470283704
Tocora Lane,"Tocora Ln, Madison, Wisconsin, 53711",43.05857399999999,-89.46245762609551
211 South Carroll St.,"211 S Carroll St, Madison, Wisconsin, 53703",43.07207946658759,-89.38293338129759
North Hancock St,"N Hancock St, Madison, Wisconsin, 53703",43.07882148401132,-89.38221349598759
300 Block North Henry street,"300 N Henry St, Madison, Wisconsin, 53703",43.07476275801194,-89.3900977610566
500 block West Shore Dr.,"500 W Shore Dr, Madison, Wisconsin, 53715",43.06195465213476,-89.39974834786526
6400 block Pilgrim Rd.,"6400 Pilgrim Rd, Madison, Wisconsin, 53711",43.02643306911993,-89.49361709456691
5300 Raywood Rd,"5300 Raywood Rd, Madison, Wisconsin, 53713",43.04918877524068,-89.35463182479037
2200 Rosenberry Rd,"2200 Rosenberry Rd, Madison, Wisconsin, 53711",43.03004851864276,-89.45803733646768
30 N. Mills Street,"30 N Mills St, Madison, Wisconsin, 53715",43.068663136274466,-89.40410057487398
1100 block of Rutledge Street,"1100 Rutledge St, Madison, Wisconsin, 53703",43.08012609169611,-89.363544225265
600 Block South Shore St,"600 S Shore Dr, Madison, Wisconsin, 53715",43.05696199335573,-89.39180683651661
2600 block Coolidge St.,"2600 Coolidge St, Madison, Wisconsin, 53704",43.109294385230264,-89.34897786099678
515 S. Midvale Blvd.,"515 S Midvale Blvd, Madison, Wisconsin, 53711",43.05484799999999,-89.45100390738108
5441 High Crossing Blvd.,"5441 High Crossing Blvd, Madison, Wisconsin, 53718",43.14187033302578,-89.28523392806886
West Beltline Highway,"W Beltline Hwy, Madison, Wisconsin, 53719",43.04643516224113,-89.47368100226728
100 State St,"100 State St, Madison, Wisconsin, 53703",43.074733493219334,-89.3870235
601 North Street,"601 North St, Madison, Wisconsin, 53704",43.10706541326678,-89.3512123391426
Malvern Hill Drive,"Malvern Hill Dr, Madison, Wisconsin, 53718",43.08947611085905,-89.26767353147768
W. Badger Rd.,"W Badger Rd, Madison, Wisconsin, 53713",43.038522,-89.39650471134236
Wheeler Rd at School Rd,"Wheeler Rd & School Rd, Madison, Wisconsin, 53704",43.14805200000001,-89.382654
7810 Mineral Point Road,"7810 Mineral Point Rd, Madison, Wisconsin, 53717",43.06061049826831,-89.51860188634657
4800 block Milwaukee St.,"4800 Milwaukee St, Madison, Wisconsin, 53714",43.098951960501736,-89.2994529098982
8200 block Plaza Drive,"8200 Plaza Dr, Madison, Wisconsin, 53719",43.05670729596175,-89.52292159354225
2100 Atwood Ave.,"2100 Atwood Ave, Madison, Wisconsin, 53704",43.09281782382928,-89.3517380468429
Wheeler Rd.,"Wheeler Rd, Madison, Wisconsin, 53704",43.14829984197244,-89.37359573567495
Williamson St.,"Williamson St, Madison, Wisconsin, 53703",43.08159265938293,-89.36667356294464
Woodview Court,"Woodview Ct, Madison, Wisconsin, 53713",43.040232,-89.39245131855503
USH 12 at S. Park St.,"12 S Park St, Madison, Wisconsin, 53715",43.06741833859753,-89.40112452715577
100 block Langdon St.,"100 Langdon St, Madison, Wisconsin, 53703",43.07800397355452,-89.3908186834756
Mission Circle,"Mission Cir, Madison, Wisconsin, 53713",43.036119,-89.36966924999999
502 Pflaum Rd.,"502 Pflaum Rd, Madison, Wisconsin, 53716",43.062093652604744,-89.32159285469801
E. Gorham St.,"E Gorham St, Madison, Wisconsin, 53703",43.08383692280203,-89.37885584882054
100 block Langdon St.,"100 Langdon St, Madison, Wisconsin, 53703",43.07800397355452,-89.3908186834756
700 block of Pinecrest Dr.,"700 Pinecrest Dr, Madison, Wisconsin, 53714",43.1079372547178,-89.33401270799736
1900 block of Gulseth Street,"1900 Gulseth St, Madison, Wisconsin, 53704",43.14327754759589,-89.35786898983109
1102 Regent St,"1102 Regent St, Madison, Wisconsin, 53715",43.06775345325738,-89.40455155536961
6600 Odana Rd,"6600 Odana Rd, Madison, Wisconsin, 53719",43.055341401588166,-89.49431964732933
W Johnson St @ N Carroll St,"W Johnson St & N Carroll St, Madison, Wisconsin, 53703",43.07600699999999,-89.3881935
700 Bl Mesta Ln,"700 Mesta Ln, Madison, Wisconsin, 53704",43.10657434740853,-89.29642834740852
S Whitney Way north of Odana Rd,"S Whitney Way, Madison, Wisconsin, 53711",43.054088691815075,-89.47362335513641
Browning Road at Dryden Drive,"Browning Rd & Dryden Dr, Madison, Wisconsin, 53704",43.131096000000014,-89.35947
7800 Mineral Point Road,"7800 Mineral Point Rd, Madison, Wisconsin, 53717",43.060677209407146,-89.51752970940714
4822 E. Washington Ave.,"4822 E Washington Ave, Madison, Wisconsin, 53704",43.13433717127341,-89.30045332921661
Gammon Rd at Gammon Ln,"S Gammon Rd & Gammon Ln, Madison, Wisconsin, 53719",43.04395553345553,-89.50372389734189
1700 Thierer Road,"1700 Thierer Rd, Madison, Wisconsin, 53704",43.121286545583565,-89.311236999527
201 Junction Road,"201 Junction Rd, Madison, Wisconsin, 53717",43.06237615041273,-89.52724319767587
East washington ave and First St,"E Washington Ave & N 1st St, Madison, Wisconsin, 53704",43.092297,-89.3594115
100 block of East Girham,"100 E Gorham St, Madison, Wisconsin, 53703",43.07838904635709,-89.38670603894357
1100 Bl E Washington Ave,"1100 E Washington Ave, Madison, Wisconsin, 53703",43.08498636139824,-89.36983314544796
4300 Block of Dwight Dr,"4300 Dwight Dr, Madison, Wisconsin, 53704",43.12787155231452,-89.31142174110835
3500 E. Washington Ave,"3500 E Washington Ave, Madison, Wisconsin, 53704",43.11453507689412,-89.32851795602734
605 Cottage Grove Rd.,"605 Cottage Grove Rd, Madison, Wisconsin, 53716",43.08390050620376,-89.31563146805948
201 Junction Rd.,"201 Junction Rd, Madison, Wisconsin, 53717",43.06237615041273,-89.52724319767587
